"wilayah","tanggal","gambar"
"Jatiasih","2024-07-28","https://i.imgur.com/qiwig.jpg"
"Jatiasih","2024-08-20","https://i.imgur.com/fyogj.jpg"
"Jatiasih","2024-04-01","https://i.imgur.com/yapwl.jpg"
"Jatiasih","2024-06-08","https://i.imgur.com/yxdmf.jpg"
"Jatiasih","2024-08-14","https://i.imgur.com/yuazl.jpg"
"Jatiasih","2024-03-17","https://i.imgur.com/nqjmr.jpg"
"Jatiasih","2024-12-07","https://i.imgur.com/zjrqf.jpg"
"Jatiasih","2024-12-26","https://i.imgur.com/rvcid.jpg"
"Jatiasih","2024-06-13","https://i.imgur.com/fpnth.jpg"
"Jatiasih","2024-12-11","https://i.imgur.com/bthcj.jpg"
"Jatiasih","2024-04-06","https://i.imgur.com/tnezs.jpg"
"Jatiasih","2024-01-22","https://i.imgur.com/mfthg.jpg"
"Jatiasih","2024-12-13","https://i.imgur.com/enjmt.jpg"
"Jatiasih","2024-10-25","https://i.imgur.com/nxkjn.jpg"
"Jatiasih","2024-12-15","https://i.imgur.com/xhnps.jpg"
"Jatiasih","2024-09-10","https://i.imgur.com/mcoqv.jpg"
"Jatiasih","2024-03-11","https://i.imgur.com/cdsax.jpg"
"Jatiasih","2024-11-02","https://i.imgur.com/egrhg.jpg"
"Jatiasih","2024-05-07","https://i.imgur.com/necgm.jpg"
"Jatiasih","2024-04-08","https://i.imgur.com/dvqgl.jpg"
"Jatiasih","2024-02-06","https://i.imgur.com/nbwwr.jpg"
"Jatiasih","2024-06-23","https://i.imgur.com/gftwu.jpg"
"Jatiasih","2024-03-17","https://i.imgur.com/apsbq.jpg"
"Jatiasih","2024-05-19","https://i.imgur.com/isvpk.jpg"
"Jatiasih","2024-01-15","https://i.imgur.com/mapss.jpg"
"Jatiasih","2024-05-20","https://i.imgur.com/znbjs.jpg"
"Jatiasih","2024-03-05","https://i.imgur.com/uzsso.jpg"
"Jatiasih","2024-10-27","https://i.imgur.com/fiwlq.jpg"
"Jatiasih","2024-06-26","https://i.imgur.com/xglyp.jpg"
"Jatiasih","2024-04-11","https://i.imgur.com/puyzk.jpg"
"Jatiasih","2024-11-06","https://i.imgur.com/czckm.jpg"
"Jatiasih","2024-02-13","https://i.imgur.com/ukpbt.jpg"
"Jatiasih","2024-12-14","https://i.imgur.com/tbflb.jpg"
"Jatiasih","2024-06-15","https://i.imgur.com/jranb.jpg"
"Jatiasih","2024-08-21","https://i.imgur.com/nordt.jpg"
"Jatiasih","2024-07-04","https://i.imgur.com/yukal.jpg"
"Jatiasih","2024-12-13","https://i.imgur.com/pxble.jpg"
"Jatiasih","2024-03-10","https://i.imgur.com/ystgm.jpg"
"Jatiasih","2024-11-21","https://i.imgur.com/yfefa.jpg"
"Jatiasih","2024-02-04","https://i.imgur.com/pxhjy.jpg"
"Jatiasih","2024-12-26","https://i.imgur.com/pgeqd.jpg"
"Jatiasih","2024-04-20","https://i.imgur.com/uiuwe.jpg"
"Jatiasih","2024-01-11","https://i.imgur.com/qdbbh.jpg"
"Jatiasih","2024-11-15","https://i.imgur.com/ksmvh.jpg"
"Jatiasih","2024-05-19","https://i.imgur.com/eajam.jpg"
"Jatiasih","2024-02-14","https://i.imgur.com/zisay.jpg"
"Jatiasih","2024-08-05","https://i.imgur.com/squjk.jpg"
"Jatiasih","2024-10-14","https://i.imgur.com/kcnzx.jpg"
"Jatiasih","2024-01-05","https://i.imgur.com/rddnv.jpg"
"Jatiasih","2024-02-10","https://i.imgur.com/yftnk.jpg"
"Jatiasih","2024-01-10","https://i.imgur.com/fhnvb.jpg"
"Jatiasih","2024-05-14","https://i.imgur.com/hleuk.jpg"
"Jatiasih","2024-11-13","https://i.imgur.com/khtfk.jpg"
"Jatiasih","2024-06-09","https://i.imgur.com/farsi.jpg"
"Jatiasih","2024-02-20","https://i.imgur.com/pduke.jpg"
"Jatiasih","2024-09-18","https://i.imgur.com/kvpoo.jpg"
"Jatiasih","2024-07-20","https://i.imgur.com/cxtku.jpg"
"Jatiasih","2024-09-28","https://i.imgur.com/rfmam.jpg"
"Jatiasih","2024-10-06","https://i.imgur.com/zrcel.jpg"
"Jatiasih","2024-02-03","https://i.imgur.com/dinxx.jpg"
"Jatiasih","2024-01-12","https://i.imgur.com/olyoc.jpg"
"Jatiasih","2024-11-23","https://i.imgur.com/qochn.jpg"
"Jatiasih","2024-07-08","https://i.imgur.com/yafrh.jpg"
"Jatiasih","2024-06-16","https://i.imgur.com/mttzm.jpg"
"Jatiasih","2024-07-03","https://i.imgur.com/lvgbm.jpg"
"Jatiasih","2024-05-15","https://i.imgur.com/bmdhl.jpg"
"Jatiasih","2024-11-08","https://i.imgur.com/ydhsl.jpg"
"Jatiasih","2024-03-02","https://i.imgur.com/ylrps.jpg"
"Jatiasih","2024-06-23","https://i.imgur.com/obnwc.jpg"
"Jatiasih","2024-04-24","https://i.imgur.com/vkjyq.jpg"
"Jatiasih","2024-03-23","https://i.imgur.com/cmqme.jpg"
"Jatiasih","2024-07-02","https://i.imgur.com/tubta.jpg"
"Jatiasih","2024-04-11","https://i.imgur.com/scvzp.jpg"
"Jatiasih","2024-05-27","https://i.imgur.com/jieln.jpg"
"Jatiasih","2024-01-13","https://i.imgur.com/qkkyq.jpg"
"Jatiasih","2024-02-05","https://i.imgur.com/vkukp.jpg"
"Jatiasih","2024-09-06","https://i.imgur.com/jwzpk.jpg"
"Jatiasih","2024-06-22","https://i.imgur.com/okzbi.jpg"
"Jatiasih","2024-11-13","https://i.imgur.com/xmewh.jpg"
"Jatiasih","2024-01-01","https://i.imgur.com/covkl.jpg"
"Jatiasih","2024-10-05","https://i.imgur.com/dwcen.jpg"
"Jatiasih","2024-05-23","https://i.imgur.com/ixwit.jpg"
"Jatiasih","2024-10-12","https://i.imgur.com/jnszx.jpg"
"Jatiasih","2024-04-12","https://i.imgur.com/fetbg.jpg"
"Jatiasih","2024-06-16","https://i.imgur.com/jbrby.jpg"
"Jatiasih","2024-12-14","https://i.imgur.com/trqxh.jpg"
"Jatiasih","2024-04-08","https://i.imgur.com/rbaqj.jpg"
"Jatiasih","2024-03-11","https://i.imgur.com/zbcpn.jpg"
"Jatiasih","2024-04-14","https://i.imgur.com/lgdwr.jpg"
"Jatiasih","2024-10-14","https://i.imgur.com/vsvvu.jpg"
"Jatiasih","2024-06-07","https://i.imgur.com/otarr.jpg"
"Jatiasih","2024-12-28","https://i.imgur.com/dbxri.jpg"
"Jatiasih","2024-04-28","https://i.imgur.com/bmpao.jpg"
"Jatiasih","2024-10-22","https://i.imgur.com/hutvt.jpg"
"Jatiasih","2024-02-28","https://i.imgur.com/ayqrs.jpg"
"Jatiasih","2024-05-19","https://i.imgur.com/xnbkr.jpg"
"Jatiasih","2024-11-26","https://i.imgur.com/laqdz.jpg"
"Jatiasih","2024-04-16","https://i.imgur.com/qfxco.jpg"
"Jatiasih","2024-12-14","https://i.imgur.com/hctvo.jpg"
"Jatiasih","2024-08-12","https://i.imgur.com/wawru.jpg"
"Jatiasih","2024-01-08","https://i.imgur.com/znayd.jpg"
"Jatiasih","2024-02-07","https://i.imgur.com/lxcwv.jpg"
"Jatiasih","2024-07-16","https://i.imgur.com/lelvn.jpg"
"Jatiasih","2024-04-12","https://i.imgur.com/qsmqn.jpg"
"Jatiasih","2024-06-06","https://i.imgur.com/ytiyg.jpg"
"Jatiasih","2024-05-14","https://i.imgur.com/ysqoy.jpg"
"Jatiasih","2024-04-25","https://i.imgur.com/dceaw.jpg"
"Jatiasih","2024-09-12","https://i.imgur.com/vryhc.jpg"
"Jatiasih","2024-04-27","https://i.imgur.com/mvavy.jpg"
"Jatiasih","2024-05-08","https://i.imgur.com/zitcp.jpg"
"Jatiasih","2024-03-03","https://i.imgur.com/hufzz.jpg"
"Jatiasih","2024-09-07","https://i.imgur.com/igslp.jpg"
"Jatiasih","2024-05-11","https://i.imgur.com/detng.jpg"
"Jatiasih","2024-06-25","https://i.imgur.com/milrn.jpg"
"Jatiasih","2024-04-13","https://i.imgur.com/qolho.jpg"
"Jatiasih","2024-09-07","https://i.imgur.com/ergpn.jpg"
"Jatiasih","2024-07-16","https://i.imgur.com/mzuok.jpg"
"Jatiasih","2024-01-09","https://i.imgur.com/wtbcf.jpg"
"Jatiasih","2024-10-22","https://i.imgur.com/onohb.jpg"
"Jatiasih","2024-04-07","https://i.imgur.com/gbfdw.jpg"
"Jatiasih","2024-02-13","https://i.imgur.com/xzjbj.jpg"
"Jatiasih","2024-04-12","https://i.imgur.com/eraus.jpg"
"Jatiasih","2024-06-06","https://i.imgur.com/vahlb.jpg"
"Jatiasih","2024-10-15","https://i.imgur.com/lnrsn.jpg"
"Jatiasih","2024-05-12","https://i.imgur.com/vqzvs.jpg"
"Jatiasih","2024-04-13","https://i.imgur.com/lzrhc.jpg"
"Jatiasih","2024-12-04","https://i.imgur.com/rjlbl.jpg"
"Jatiasih","2024-05-03","https://i.imgur.com/funxd.jpg"
"Jatiasih","2024-05-02","https://i.imgur.com/oppwp.jpg"
"Jatiasih","2024-02-12","https://i.imgur.com/ypxed.jpg"
"Jatiasih","2024-03-22","https://i.imgur.com/kqsfg.jpg"
"Jatiasih","2024-04-10","https://i.imgur.com/hxdmk.jpg"
"Jatiasih","2024-11-03","https://i.imgur.com/kswfm.jpg"
"Jatiasih","2024-12-15","https://i.imgur.com/nlgvk.jpg"
"Jatiasih","2024-10-04","https://i.imgur.com/tufwl.jpg"
"Jatiasih","2024-09-04","https://i.imgur.com/lghfu.jpg"
"Jatiasih","2024-05-09","https://i.imgur.com/wxolz.jpg"
"Jatiasih","2024-04-27","https://i.imgur.com/aueat.jpg"
"Jatiasih","2024-05-19","https://i.imgur.com/mnruz.jpg"
"Jatiasih","2024-05-13","https://i.imgur.com/iwecv.jpg"
"Jatiasih","2024-04-20","https://i.imgur.com/khbyz.jpg"
"Jatiasih","2024-02-23","https://i.imgur.com/nvmym.jpg"
"Jatiasih","2024-05-11","https://i.imgur.com/gkvqp.jpg"
"Jatiasih","2024-06-10","https://i.imgur.com/alzmy.jpg"
"Jatiasih","2024-05-12","https://i.imgur.com/xqufm.jpg"
"Jatiasih","2024-08-17","https://i.imgur.com/hpqnq.jpg"
"Jatiasih","2024-10-28","https://i.imgur.com/wilfo.jpg"
"Jatiasih","2024-04-20","https://i.imgur.com/gmqhh.jpg"
"Jatiasih","2024-02-03","https://i.imgur.com/sfbom.jpg"
"Jatiasih","2024-07-23","https://i.imgur.com/idqxr.jpg"
"Jatiasih","2024-10-28","https://i.imgur.com/exbhu.jpg"
"Jatiasih","2024-04-02","https://i.imgur.com/ulubq.jpg"
"Jatiasih","2024-09-11","https://i.imgur.com/zzmah.jpg"
"Jatiasih","2024-03-01","https://i.imgur.com/obksg.jpg"
"Jatiasih","2024-08-15","https://i.imgur.com/cndga.jpg"
"Jatiasih","2024-11-25","https://i.imgur.com/ozcgh.jpg"
"Jatiasih","2024-11-15","https://i.imgur.com/vqbqg.jpg"
"Jatiasih","2024-11-19","https://i.imgur.com/hlndb.jpg"
"Jatiasih","2024-02-12","https://i.imgur.com/pidwj.jpg"
"Jatiasih","2024-08-27","https://i.imgur.com/aqlag.jpg"
"Jatiasih","2024-02-04","https://i.imgur.com/wqtpl.jpg"
"Jatiasih","2024-04-05","https://i.imgur.com/povdv.jpg"
"Jatiasih","2024-12-16","https://i.imgur.com/szaxx.jpg"
"Jatiasih","2024-09-16","https://i.imgur.com/xmcbb.jpg"
"Jatiasih","2024-06-09","https://i.imgur.com/pechg.jpg"
"Jatiasih","2024-09-16","https://i.imgur.com/dasiz.jpg"
"Jatiasih","2024-11-10","https://i.imgur.com/prvmk.jpg"
"Jatiasih","2024-03-16","https://i.imgur.com/kfgxj.jpg"
"Jatiasih","2024-07-28","https://i.imgur.com/qveae.jpg"
"Jatiasih","2024-09-17","https://i.imgur.com/cojyx.jpg"
"Jatiasih","2024-12-07","https://i.imgur.com/hoypz.jpg"
"Jatiasih","2024-11-02","https://i.imgur.com/hyplm.jpg"
"Jatiasih","2024-11-14","https://i.imgur.com/yzagn.jpg"
"Jatiasih","2024-08-04","https://i.imgur.com/tpcah.jpg"
"Jatiasih","2024-04-10","https://i.imgur.com/umivk.jpg"
"Jatiasih","2024-03-16","https://i.imgur.com/tbbfj.jpg"
"Jatiasih","2024-09-16","https://i.imgur.com/qscdz.jpg"
"Jatiasih","2024-04-02","https://i.imgur.com/wayia.jpg"
"Jatiasih","2024-10-07","https://i.imgur.com/qzizs.jpg"
"Jatiasih","2024-02-27","https://i.imgur.com/dvwfz.jpg"
"Jatiasih","2024-09-23","https://i.imgur.com/werkl.jpg"
"Jatiasih","2024-11-11","https://i.imgur.com/fuxgd.jpg"
"Jatiasih","2024-12-06","https://i.imgur.com/xpymv.jpg"
"Jatiasih","2024-12-14","https://i.imgur.com/fnwvi.jpg"
"Jatiasih","2024-02-18","https://i.imgur.com/zxqda.jpg"
"Jatiasih","2024-04-25","https://i.imgur.com/zzoaz.jpg"
"Jatiasih","2024-05-27","https://i.imgur.com/xyfwi.jpg"
"Jatiasih","2024-09-12","https://i.imgur.com/srwwe.jpg"
"Jatiasih","2024-08-27","https://i.imgur.com/bjzne.jpg"
"Jatiasih","2024-09-05","https://i.imgur.com/cwoue.jpg"
"Jatiasih","2024-02-07","https://i.imgur.com/wvhpq.jpg"
"Jatiasih","2024-10-12","https://i.imgur.com/icmxp.jpg"
"Jatiasih","2024-09-03","https://i.imgur.com/tebel.jpg"
"Jatiasih","2024-06-11","https://i.imgur.com/zrump.jpg"
"Jatiasih","2024-05-12","https://i.imgur.com/pcgik.jpg"
"Jatiasih","2024-11-09","https://i.imgur.com/mxfiq.jpg"
"Jatiasih","2024-12-06","https://i.imgur.com/pzchk.jpg"
"Jatiasih","2024-05-14","https://i.imgur.com/pgoax.jpg"
"Jatiasih","2024-05-09","https://i.imgur.com/gndpy.jpg"
"Jatiasih","2024-04-09","https://i.imgur.com/odinf.jpg"
"Jatiasih","2024-07-14","https://i.imgur.com/clyra.jpg"
"Jatiasih","2024-10-26","https://i.imgur.com/lacsm.jpg"
"Jatiasih","2024-05-25","https://i.imgur.com/vpbrt.jpg"
"Jatiasih","2024-09-24","https://i.imgur.com/cfwyo.jpg"
"Jatiasih","2024-05-11","https://i.imgur.com/oeogw.jpg"
"Jatiasih","2024-07-15","https://i.imgur.com/lxfyb.jpg"
"Jatiasih","2024-06-15","https://i.imgur.com/qtbjl.jpg"
"Jatiasih","2024-03-08","https://i.imgur.com/umvlq.jpg"
"Jatiasih","2024-05-18","https://i.imgur.com/jzrps.jpg"
"Jatiasih","2024-10-24","https://i.imgur.com/kjonf.jpg"
"Jatiasih","2024-05-13","https://i.imgur.com/bsqfa.jpg"
"Jatiasih","2024-11-25","https://i.imgur.com/bipxc.jpg"
"Jatiasih","2024-06-07","https://i.imgur.com/mylwx.jpg"
"Jatiasih","2024-05-23","https://i.imgur.com/zkawc.jpg"
"Jatiasih","2024-01-06","https://i.imgur.com/towaw.jpg"
"Jatiasih","2024-12-08","https://i.imgur.com/uwkxq.jpg"
"Jatiasih","2024-11-19","https://i.imgur.com/wqfdz.jpg"
"Jatiasih","2024-10-05","https://i.imgur.com/nqhlc.jpg"
"Jatiasih","2024-04-14","https://i.imgur.com/fckrs.jpg"
"Jatiasih","2024-03-08","https://i.imgur.com/vkofm.jpg"
"Jatiasih","2024-12-09","https://i.imgur.com/mkhzl.jpg"
"Jatiasih","2024-11-03","https://i.imgur.com/dylnf.jpg"
"Jatiasih","2024-11-19","https://i.imgur.com/gxnkh.jpg"
"Jatiasih","2024-02-10","https://i.imgur.com/rljlh.jpg"
"Jatiasih","2024-05-24","https://i.imgur.com/jcubo.jpg"
"Jatiasih","2024-06-21","https://i.imgur.com/airbx.jpg"
"Jatiasih","2024-02-15","https://i.imgur.com/oixkv.jpg"
"Jatiasih","2024-09-27","https://i.imgur.com/ytxbj.jpg"
"Jatiasih","2024-12-14","https://i.imgur.com/okpno.jpg"
"Jatiasih","2024-03-06","https://i.imgur.com/wbxnq.jpg"
"Jatiasih","2024-09-10","https://i.imgur.com/qyefn.jpg"
"Jatiasih","2024-01-16","https://i.imgur.com/pzbop.jpg"
"Jatiasih","2024-02-07","https://i.imgur.com/fgemc.jpg"
"Jatiasih","2024-09-23","https://i.imgur.com/aikrc.jpg"
"Jatiasih","2024-10-16","https://i.imgur.com/oqvjr.jpg"
"Jatiasih","2024-04-08","https://i.imgur.com/edctd.jpg"
"Jatiasih","2024-07-22","https://i.imgur.com/mdrlw.jpg"
"Jatiasih","2024-03-19","https://i.imgur.com/zdgsf.jpg"
"Jatiasih","2024-08-15","https://i.imgur.com/hlfgv.jpg"
"Jatiasih","2024-07-12","https://i.imgur.com/myfsx.jpg"
"Jatiasih","2024-12-05","https://i.imgur.com/bjljg.jpg"
"Jatiasih","2024-03-17","https://i.imgur.com/taydc.jpg"
"Jatiasih","2024-06-08","https://i.imgur.com/vrfbu.jpg"
"Jatiasih","2024-02-13","https://i.imgur.com/mhgiv.jpg"
"Jatiasih","2024-03-16","https://i.imgur.com/axjbi.jpg"
"Jatiasih","2024-05-18","https://i.imgur.com/kxwia.jpg"
"Jatiasih","2024-10-05","https://i.imgur.com/etykq.jpg"
"Jatiasih","2024-06-08","https://i.imgur.com/uaqlx.jpg"
"Jatiasih","2024-11-21","https://i.imgur.com/emxym.jpg"
"Jatiasih","2024-06-26","https://i.imgur.com/ypjvp.jpg"
"Jatiasih","2024-10-18","https://i.imgur.com/kzexo.jpg"
"Jatiasih","2024-09-12","https://i.imgur.com/ssawa.jpg"
"Jatiasih","2024-09-28","https://i.imgur.com/kcagc.jpg"
"Jatiasih","2024-06-27","https://i.imgur.com/zbdsu.jpg"
"Jatiasih","2024-06-05","https://i.imgur.com/mpzjt.jpg"
"Jatiasih","2024-04-13","https://i.imgur.com/jaedb.jpg"
"Jatiasih","2024-11-19","https://i.imgur.com/fyove.jpg"
"Jatiasih","2024-05-09","https://i.imgur.com/giogt.jpg"
"Jatiasih","2024-02-15","https://i.imgur.com/xesiq.jpg"
"Jatiasih","2024-12-06","https://i.imgur.com/mhzbh.jpg"
"Jatiasih","2024-02-10","https://i.imgur.com/pmwvj.jpg"
"Jatiasih","2024-01-26","https://i.imgur.com/mxbir.jpg"
"Jatiasih","2024-05-08","https://i.imgur.com/mmycb.jpg"
"Jatiasih","2024-09-23","https://i.imgur.com/rgmwb.jpg"
"Jatiasih","2024-09-06","https://i.imgur.com/uiwsf.jpg"
"Jatiasih","2024-11-12","https://i.imgur.com/xsuyn.jpg"
"Jatiasih","2024-05-27","https://i.imgur.com/afqox.jpg"
"Jatiasih","2024-03-26","https://i.imgur.com/fafrk.jpg"
"Jatiasih","2024-06-28","https://i.imgur.com/orepc.jpg"
"Jatiasih","2024-08-13","https://i.imgur.com/rpctx.jpg"
"Jatiasih","2024-04-11","https://i.imgur.com/zbgvk.jpg"
"Jatiasih","2024-05-24","https://i.imgur.com/pnfqs.jpg"
"Jatiasih","2024-08-17","https://i.imgur.com/irlsw.jpg"
"Jatiasih","2024-05-21","https://i.imgur.com/pugoa.jpg"
"Jatiasih","2024-03-26","https://i.imgur.com/hbobd.jpg"
"Jatiasih","2024-09-23","https://i.imgur.com/mjyci.jpg"
"Jatiasih","2024-10-08","https://i.imgur.com/zxalz.jpg"
"Jatiasih","2024-06-24","https://i.imgur.com/yxvaw.jpg"
"Jatiasih","2024-04-15","https://i.imgur.com/gpdle.jpg"
"Jatiasih","2024-12-26","https://i.imgur.com/raans.jpg"
"Jatiasih","2024-08-12","https://i.imgur.com/rhted.jpg"
"Jatiasih","2024-09-14","https://i.imgur.com/mczat.jpg"
"Jatiasih","2024-06-04","https://i.imgur.com/moobk.jpg"
"Jatiasih","2024-08-15","https://i.imgur.com/iaasl.jpg"
"Jatiasih","2024-12-19","https://i.imgur.com/fabfg.jpg"
"Jatiasih","2024-08-12","https://i.imgur.com/sykmc.jpg"
"Jatiasih","2024-09-05","https://i.imgur.com/avmmv.jpg"
"Jatiasih","2024-04-09","https://i.imgur.com/xrjab.jpg"
"Jatiasih","2024-11-10","https://i.imgur.com/lgqxy.jpg"
"Jatiasih","2024-05-07","https://i.imgur.com/ntitd.jpg"
"Jatiasih","2024-05-04","https://i.imgur.com/jupuv.jpg"
"Jatiasih","2024-11-12","https://i.imgur.com/xygvu.jpg"
"Jatiasih","2024-02-02","https://i.imgur.com/kovxx.jpg"
"Jatiasih","2024-09-12","https://i.imgur.com/pgmfl.jpg"
"Jatiasih","2024-09-02","https://i.imgur.com/fzill.jpg"
"Jatiasih","2024-11-12","https://i.imgur.com/smihx.jpg"
"Jatiasih","2024-06-17","https://i.imgur.com/dajto.jpg"
"Jatiasih","2024-01-19","https://i.imgur.com/gnszg.jpg"
"Jatiasih","2024-06-04","https://i.imgur.com/deucz.jpg"
"Jatiasih","2024-10-14","https://i.imgur.com/rlowk.jpg"
"Jatiasih","2024-10-15","https://i.imgur.com/npqbe.jpg"
"Jatiasih","2024-01-26","https://i.imgur.com/wpchy.jpg"
"Jatiasih","2024-10-11","https://i.imgur.com/fkkiz.jpg"
"Jatiasih","2024-02-02","https://i.imgur.com/oguno.jpg"
"Jatiasih","2024-04-11","https://i.imgur.com/awhtg.jpg"
"Jatiasih","2024-05-12","https://i.imgur.com/zprnt.jpg"
"Jatiasih","2024-09-04","https://i.imgur.com/vdtlp.jpg"
"Jatiasih","2024-04-26","https://i.imgur.com/szgwf.jpg"
"Jatiasih","2024-01-25","https://i.imgur.com/pyplc.jpg"
"Jatiasih","2024-10-18","https://i.imgur.com/kyuku.jpg"
"Jatiasih","2024-02-18","https://i.imgur.com/qlsbe.jpg"
"Jatiasih","2024-12-06","https://i.imgur.com/oelnl.jpg"
"Jatiasih","2024-05-28","https://i.imgur.com/ermqq.jpg"
"Jatiasih","2024-02-27","https://i.imgur.com/qsijt.jpg"
"Jatiasih","2024-09-08","https://i.imgur.com/sehsz.jpg"
"Jatiasih","2024-08-06","https://i.imgur.com/tgocd.jpg"
"Jatiasih","2024-01-16","https://i.imgur.com/hufxe.jpg"
"Jatiasih","2024-01-22","https://i.imgur.com/oykgw.jpg"
"Jatiasih","2024-09-13","https://i.imgur.com/acidv.jpg"
"Jatiasih","2024-09-02","https://i.imgur.com/psaob.jpg"
"Jatiasih","2024-02-11","https://i.imgur.com/kbjkj.jpg"
"Jatiasih","2024-03-11","https://i.imgur.com/cjqul.jpg"
"Jatiasih","2024-05-09","https://i.imgur.com/hcojt.jpg"
"Jatiasih","2024-04-08","https://i.imgur.com/ovpdz.jpg"
"Jatiasih","2024-05-20","https://i.imgur.com/mhqmc.jpg"
"Jatiasih","2024-11-11","https://i.imgur.com/veyro.jpg"
"Jatiasih","2024-09-02","https://i.imgur.com/gyaam.jpg"
"Jatiasih","2024-08-10","https://i.imgur.com/pdfrl.jpg"
"Jatiasih","2024-07-01","https://i.imgur.com/rmhvm.jpg"
"Jatiasih","2024-06-20","https://i.imgur.com/ixmwp.jpg"
"Jatiasih","2024-01-12","https://i.imgur.com/lisoq.jpg"
"Jatiasih","2024-08-19","https://i.imgur.com/npshz.jpg"
"Jatiasih","2024-01-24","https://i.imgur.com/jssyh.jpg"
"Jatiasih","2024-03-08","https://i.imgur.com/jnyks.jpg"
"Jatiasih","2024-05-12","https://i.imgur.com/amrqs.jpg"
"Jatiasih","2024-02-20","https://i.imgur.com/dbytk.jpg"
"Jatiasih","2024-09-15","https://i.imgur.com/hegao.jpg"
"Jatiasih","2024-03-05","https://i.imgur.com/xzond.jpg"
"Jatiasih","2024-05-11","https://i.imgur.com/gbkep.jpg"
"Jatiasih","2024-11-10","https://i.imgur.com/sumdj.jpg"
"Jatiasih","2024-09-02","https://i.imgur.com/uacsd.jpg"
"Jatiasih","2024-01-20","https://i.imgur.com/zsfbz.jpg"
"Jatiasih","2024-12-05","https://i.imgur.com/zvzxc.jpg"
"Jatiasih","2024-02-28","https://i.imgur.com/mytuy.jpg"
"Jatiasih","2024-12-01","https://i.imgur.com/iykch.jpg"
"Jatiasih","2024-03-28","https://i.imgur.com/vhnqf.jpg"
"Jatiasih","2024-03-07","https://i.imgur.com/eouyo.jpg"
"Jatiasih","2024-12-05","https://i.imgur.com/mmtup.jpg"
"Jatiasih","2024-12-21","https://i.imgur.com/nlbrq.jpg"
"Jatiasih","2024-09-05","https://i.imgur.com/qixda.jpg"
"Jatiasih","2024-06-05","https://i.imgur.com/yyslq.jpg"
"Jatiasih","2024-10-27","https://i.imgur.com/ayfmb.jpg"
"Jatiasih","2024-11-23","https://i.imgur.com/owmcu.jpg"
"Jatiasih","2024-10-17","https://i.imgur.com/nurzn.jpg"
"Jatiasih","2024-05-19","https://i.imgur.com/ikoqc.jpg"
"Jatiasih","2024-11-12","https://i.imgur.com/itgkl.jpg"
"Jatiasih","2024-03-16","https://i.imgur.com/eswmb.jpg"
"Jatiasih","2024-08-25","https://i.imgur.com/vtpmg.jpg"
"Jatiasih","2024-07-11","https://i.imgur.com/sxesz.jpg"
"Jatiasih","2024-01-23","https://i.imgur.com/gldaz.jpg"
"Jatiasih","2024-06-14","https://i.imgur.com/mmsdp.jpg"
"Jatiasih","2024-09-24","https://i.imgur.com/vdgcp.jpg"
"Jatiasih","2024-10-06","https://i.imgur.com/dbgrz.jpg"
"Jatiasih","2024-05-20","https://i.imgur.com/rumey.jpg"
"Jatiasih","2024-01-26","https://i.imgur.com/okgzq.jpg"
"Jatiasih","2024-03-19","https://i.imgur.com/zuday.jpg"
"Jatiasih","2024-10-23","https://i.imgur.com/ydcsr.jpg"
"Jatiasih","2024-09-16","https://i.imgur.com/lpczw.jpg"
"Jatiasih","2024-07-14","https://i.imgur.com/dcohg.jpg"
"Jatiasih","2024-10-15","https://i.imgur.com/nvwrv.jpg"
"Jatiasih","2024-03-21","https://i.imgur.com/owhgb.jpg"
"Jatiasih","2024-07-14","https://i.imgur.com/mbebx.jpg"
"Jatiasih","2024-06-10","https://i.imgur.com/okves.jpg"
"Jatiasih","2024-11-04","https://i.imgur.com/hcsep.jpg"
"Jatiasih","2024-05-03","https://i.imgur.com/uvpfe.jpg"
"Jatiasih","2024-05-16","https://i.imgur.com/gdzmc.jpg"
"Jatiasih","2024-09-20","https://i.imgur.com/dybke.jpg"
"Jatiasih","2024-11-26","https://i.imgur.com/bddjm.jpg"
"Jatiasih","2024-11-10","https://i.imgur.com/jqsah.jpg"
"Jatiasih","2024-07-26","https://i.imgur.com/getbu.jpg"
"Jatiasih","2024-02-02","https://i.imgur.com/gncyn.jpg"
"Jatiasih","2024-11-08","https://i.imgur.com/iwqkq.jpg"
"Jatiasih","2024-11-02","https://i.imgur.com/gcbfp.jpg"
"Jatiasih","2024-07-19","https://i.imgur.com/votxb.jpg"
"Jatiasih","2024-04-13","https://i.imgur.com/yozby.jpg"
"Jatiasih","2024-01-15","https://i.imgur.com/xxybm.jpg"
"Jatiasih","2024-03-13","https://i.imgur.com/xibbu.jpg"
"Jatiasih","2024-10-04","https://i.imgur.com/cideq.jpg"
"Jatiasih","2024-07-19","https://i.imgur.com/zbejq.jpg"
"Jatiasih","2024-07-13","https://i.imgur.com/clmqg.jpg"
"Jatiasih","2024-02-03","https://i.imgur.com/umfgz.jpg"
"Jatiasih","2024-08-27","https://i.imgur.com/kjiyy.jpg"
"Jatiasih","2024-04-13","https://i.imgur.com/cxxne.jpg"
"Jatiasih","2024-05-18","https://i.imgur.com/jhrhn.jpg"
"Jatiasih","2024-01-01","https://i.imgur.com/crzxk.jpg"
"Jatiasih","2024-05-05","https://i.imgur.com/xtrjw.jpg"
"Jatiasih","2024-06-02","https://i.imgur.com/kdxod.jpg"
"Jatiasih","2024-04-28","https://i.imgur.com/edxtc.jpg"
"Jatiasih","2024-04-02","https://i.imgur.com/tjyad.jpg"
"Jatiasih","2024-07-11","https://i.imgur.com/mnqlv.jpg"
"Jatiasih","2024-01-14","https://i.imgur.com/qzrms.jpg"
"Jatiasih","2024-09-27","https://i.imgur.com/srxqy.jpg"
"Jatiasih","2024-03-02","https://i.imgur.com/apqam.jpg"
"Jatiasih","2024-06-10","https://i.imgur.com/aqlgn.jpg"
"Jatiasih","2024-04-22","https://i.imgur.com/xdacb.jpg"
"Jatiasih","2024-09-01","https://i.imgur.com/ppiqs.jpg"
"Jatiasih","2024-12-10","https://i.imgur.com/azdjn.jpg"
"Jatiasih","2024-12-19","https://i.imgur.com/vylfi.jpg"
"Jatiasih","2024-03-20","https://i.imgur.com/rokwx.jpg"
"Jatiasih","2024-03-20","https://i.imgur.com/irvol.jpg"
"Jatiasih","2024-05-08","https://i.imgur.com/aspnx.jpg"
"Jatiasih","2024-06-12","https://i.imgur.com/vjcjt.jpg"
"Jatiasih","2024-11-24","https://i.imgur.com/vynlv.jpg"
"Jatiasih","2024-04-22","https://i.imgur.com/smeps.jpg"
"Jatiasih","2024-03-20","https://i.imgur.com/dkdvs.jpg"
"Jatiasih","2024-11-17","https://i.imgur.com/fjxjs.jpg"
"Jatiasih","2024-10-02","https://i.imgur.com/ftyxb.jpg"
"Jatiasih","2024-03-17","https://i.imgur.com/yclpn.jpg"
"Jatiasih","2024-03-23","https://i.imgur.com/rroki.jpg"
"Jatiasih","2024-09-16","https://i.imgur.com/gczcp.jpg"
"Jatiasih","2024-05-28","https://i.imgur.com/ryfpy.jpg"
"Jatiasih","2024-11-11","https://i.imgur.com/xapka.jpg"
"Jatiasih","2024-01-22","https://i.imgur.com/bwnak.jpg"
"Jatiasih","2024-04-14","https://i.imgur.com/yrftr.jpg"
"Jatiasih","2024-11-23","https://i.imgur.com/yhvpy.jpg"
"Jatiasih","2024-01-03","https://i.imgur.com/pbrsc.jpg"
"Jatiasih","2024-01-12","https://i.imgur.com/agahu.jpg"
"Jatiasih","2024-12-28","https://i.imgur.com/twgzl.jpg"
"Jatiasih","2024-01-19","https://i.imgur.com/rpqzk.jpg"
"Jatiasih","2024-03-17","https://i.imgur.com/oiamu.jpg"
"Jatiasih","2024-08-12","https://i.imgur.com/pszuf.jpg"
"Jatiasih","2024-09-11","https://i.imgur.com/sfsse.jpg"
"Jatiasih","2024-10-27","https://i.imgur.com/owcna.jpg"
"Jatiasih","2024-01-09","https://i.imgur.com/kawlb.jpg"
"Jatiasih","2024-08-23","https://i.imgur.com/jfmtl.jpg"
"Jatiasih","2024-08-05","https://i.imgur.com/yipiu.jpg"
"Jatiasih","2024-02-08","https://i.imgur.com/aqqie.jpg"
"Jatiasih","2024-08-20","https://i.imgur.com/ewhxz.jpg"
"Jatiasih","2024-06-28","https://i.imgur.com/gsurq.jpg"
"Jatiasih","2024-12-15","https://i.imgur.com/zixmy.jpg"
"Jatiasih","2024-02-04","https://i.imgur.com/rupnr.jpg"
"Jatiasih","2024-09-13","https://i.imgur.com/tvlxs.jpg"
"Jatiasih","2024-08-19","https://i.imgur.com/qzodi.jpg"
"Jatiasih","2024-10-16","https://i.imgur.com/jpfxp.jpg"
"Jatiasih","2024-09-06","https://i.imgur.com/waazl.jpg"
"Jatiasih","2024-03-21","https://i.imgur.com/tdsrj.jpg"
"Jatiasih","2024-09-24","https://i.imgur.com/qygir.jpg"
"Jatiasih","2024-06-28","https://i.imgur.com/kosey.jpg"
"Jatiasih","2024-12-03","https://i.imgur.com/xjkjc.jpg"
"Jatiasih","2024-08-12","https://i.imgur.com/llure.jpg"
"Jatiasih","2024-12-24","https://i.imgur.com/hmsrt.jpg"
"Jatiasih","2024-03-06","https://i.imgur.com/npaug.jpg"
"Jatiasih","2024-12-14","https://i.imgur.com/wontx.jpg"
"Jatiasih","2024-06-25","https://i.imgur.com/qhmgl.jpg"
"Jatiasih","2024-07-21","https://i.imgur.com/fppqd.jpg"
"Jatiasih","2024-02-10","https://i.imgur.com/bzwno.jpg"
"Jatiasih","2024-01-25","https://i.imgur.com/bonsz.jpg"
"Jatiasih","2024-12-05","https://i.imgur.com/lgnmw.jpg"
"Jatiasih","2024-08-15","https://i.imgur.com/odbmk.jpg"
"Jatiasih","2024-06-07","https://i.imgur.com/mjawf.jpg"
"Jatiasih","2024-01-04","https://i.imgur.com/toiui.jpg"
"Jatiasih","2024-04-14","https://i.imgur.com/luwsd.jpg"
"Jatiasih","2024-11-17","https://i.imgur.com/wqiuc.jpg"
"Jatiasih","2024-04-02","https://i.imgur.com/cdetp.jpg"
"Jatiasih","2024-02-28","https://i.imgur.com/txkjd.jpg"
"Jatiasih","2024-06-19","https://i.imgur.com/bxfag.jpg"
"Jatiasih","2024-06-28","https://i.imgur.com/zkwlw.jpg"
"Jatiasih","2024-09-09","https://i.imgur.com/jgtwc.jpg"
"Jatiasih","2024-12-16","https://i.imgur.com/kguhh.jpg"
"Jatiasih","2024-01-18","https://i.imgur.com/grcve.jpg"
"Jatiasih","2024-04-08","https://i.imgur.com/kkmrn.jpg"
"Jatiasih","2024-09-07","https://i.imgur.com/wvxpw.jpg"
"Jatiasih","2024-04-09","https://i.imgur.com/jypwh.jpg"
"Jatiasih","2024-05-03","https://i.imgur.com/rifxd.jpg"
"Jatiasih","2024-07-25","https://i.imgur.com/lagae.jpg"
"Jatiasih","2024-09-05","https://i.imgur.com/xruzg.jpg"
"Jatiasih","2024-07-28","https://i.imgur.com/bxnbv.jpg"
"Jatiasih","2024-02-12","https://i.imgur.com/tatpn.jpg"
"Jatiasih","2024-09-18","https://i.imgur.com/sczjs.jpg"
"Jatiasih","2024-08-24","https://i.imgur.com/loewj.jpg"
"Jatiasih","2024-01-21","https://i.imgur.com/qosmb.jpg"
"Jatiasih","2024-09-28","https://i.imgur.com/hnoau.jpg"
"Jatiasih","2024-07-11","https://i.imgur.com/zjrrz.jpg"
"Jatiasih","2024-03-16","https://i.imgur.com/xfghw.jpg"
"Jatiasih","2024-07-25","https://i.imgur.com/ojayb.jpg"
"Jatiasih","2024-04-22","https://i.imgur.com/gmdqz.jpg"
"Jatiasih","2024-04-09","https://i.imgur.com/rixxz.jpg"
"Jatiasih","2024-11-17","https://i.imgur.com/fpbcv.jpg"
"Jatiasih","2024-09-17","https://i.imgur.com/bevgg.jpg"
"Jatiasih","2024-10-24","https://i.imgur.com/wksgj.jpg"
"Jatiasih","2024-12-28","https://i.imgur.com/qwkal.jpg"
"Jatiasih","2024-05-14","https://i.imgur.com/lxdim.jpg"
"Jatiasih","2024-05-22","https://i.imgur.com/xelfo.jpg"
"Jatiasih","2024-10-27","https://i.imgur.com/hznji.jpg"
"Jatiasih","2024-10-28","https://i.imgur.com/yjeid.jpg"
"Jatiasih","2024-09-09","https://i.imgur.com/mlolm.jpg"
"Jatiasih","2024-10-13","https://i.imgur.com/fmiey.jpg"
"Jatiasih","2024-04-09","https://i.imgur.com/yrfnm.jpg"
"Jatiasih","2024-04-26","https://i.imgur.com/bliqo.jpg"
"Jatiasih","2024-03-22","https://i.imgur.com/zsrti.jpg"
"Jatiasih","2024-09-23","https://i.imgur.com/hyhng.jpg"
"Jatiasih","2024-01-09","https://i.imgur.com/qlkay.jpg"
"Jatiasih","2024-04-14","https://i.imgur.com/puctw.jpg"
"Jatiasih","2024-06-12","https://i.imgur.com/mbbgv.jpg"
"Jatiasih","2024-05-10","https://i.imgur.com/jvhmo.jpg"
"Jatiasih","2024-11-11","https://i.imgur.com/wlkcw.jpg"
"Jatiasih","2024-02-16","https://i.imgur.com/vijhm.jpg"
"Jatiasih","2024-06-10","https://i.imgur.com/kfkxa.jpg"
"Jatiasih","2024-03-23","https://i.imgur.com/ywqdf.jpg"
"Jatiasih","2024-10-24","https://i.imgur.com/dyuiw.jpg"
"Jatiasih","2024-05-14","https://i.imgur.com/zxudp.jpg"
"Jatiasih","2024-07-13","https://i.imgur.com/swhga.jpg"
"Jatiasih","2024-10-27","https://i.imgur.com/srwge.jpg"
"Jatiasih","2024-09-25","https://i.imgur.com/qilam.jpg"
"Jatiasih","2024-04-13","https://i.imgur.com/fturj.jpg"
"Jatiasih","2024-04-10","https://i.imgur.com/ldpsj.jpg"
"Jatiasih","2024-03-06","https://i.imgur.com/ptjwj.jpg"
"Jatiasih","2024-04-22","https://i.imgur.com/jpamf.jpg"
"Jatiasih","2024-12-01","https://i.imgur.com/xfwhf.jpg"
"Jatiasih","2024-05-10","https://i.imgur.com/oxdug.jpg"
"Jatiasih","2024-12-19","https://i.imgur.com/wygmc.jpg"
"Jatiasih","2024-11-05","https://i.imgur.com/tjcmc.jpg"
"Jatiasih","2024-05-04","https://i.imgur.com/kvayt.jpg"
"Jatiasih","2024-12-03","https://i.imgur.com/plrph.jpg"
"Jatiasih","2024-03-10","https://i.imgur.com/epncg.jpg"
"Jatiasih","2024-11-22","https://i.imgur.com/cbsek.jpg"
"Jatiasih","2024-07-28","https://i.imgur.com/qzkqf.jpg"
"Jatiasih","2024-09-22","https://i.imgur.com/lmdhy.jpg"
"Jatiasih","2024-06-23","https://i.imgur.com/msnaw.jpg"
"Jatiasih","2024-12-18","https://i.imgur.com/faglb.jpg"
"Jatiasih","2024-12-22","https://i.imgur.com/eabaa.jpg"
"Jatiasih","2024-01-03","https://i.imgur.com/urhlq.jpg"
"Jatiasih","2024-06-06","https://i.imgur.com/ffmth.jpg"
"Jatiasih","2024-03-15","https://i.imgur.com/fgnlo.jpg"
"Jatiasih","2024-04-21","https://i.imgur.com/mjxol.jpg"
"Jatiasih","2024-03-12","https://i.imgur.com/inrky.jpg"
"Jatiasih","2024-08-09","https://i.imgur.com/qtuqy.jpg"
"Jatiasih","2024-11-16","https://i.imgur.com/brhxz.jpg"
"Jatiasih","2024-03-25","https://i.imgur.com/bgjru.jpg"
"Jatiasih","2024-06-16","https://i.imgur.com/llrkr.jpg"
"Jatiasih","2024-05-20","https://i.imgur.com/obmbd.jpg"
"Jatiasih","2024-05-19","https://i.imgur.com/fmcym.jpg"
"Jatiasih","2024-09-01","https://i.imgur.com/drusn.jpg"
"Jatiasih","2024-09-13","https://i.imgur.com/ukkkp.jpg"
"Jatiasih","2024-07-25","https://i.imgur.com/edwbn.jpg"
"Jatiasih","2024-07-19","https://i.imgur.com/tlkcm.jpg"
"Jatiasih","2024-01-06","https://i.imgur.com/oruof.jpg"
"Jatiasih","2024-10-21","https://i.imgur.com/gtumo.jpg"
"Jatiasih","2024-04-01","https://i.imgur.com/eoxoh.jpg"
"Jatiasih","2024-11-02","https://i.imgur.com/vmrdn.jpg"
"Jatiasih","2024-02-14","https://i.imgur.com/iryxt.jpg"
"Jatiasih","2024-10-04","https://i.imgur.com/nhqkc.jpg"
"Jatiasih","2024-01-20","https://i.imgur.com/xtsiy.jpg"
"Jatiasih","2024-02-18","https://i.imgur.com/qnxkr.jpg"
"Jatiasih","2024-03-15","https://i.imgur.com/jbito.jpg"
"Jatiasih","2024-01-11","https://i.imgur.com/fbpxh.jpg"
"Jatiasih","2024-12-21","https://i.imgur.com/iijyh.jpg"
"Jatiasih","2024-02-26","https://i.imgur.com/roktx.jpg"
"Jatiasih","2024-06-24","https://i.imgur.com/srwul.jpg"
"Jatiasih","2024-09-05","https://i.imgur.com/akuue.jpg"
"Jatiasih","2024-09-14","https://i.imgur.com/jesaw.jpg"
"Jatiasih","2024-01-25","https://i.imgur.com/zrtsp.jpg"
"Jatiasih","2024-04-14","https://i.imgur.com/smvzl.jpg"
"Jatiasih","2024-06-07","https://i.imgur.com/gnieu.jpg"
"Jatiasih","2024-03-15","https://i.imgur.com/oswor.jpg"
"Jatiasih","2024-08-27","https://i.imgur.com/fpzao.jpg"
"Jatiasih","2024-02-10","https://i.imgur.com/ynoce.jpg"
"Jatiasih","2024-08-05","https://i.imgur.com/yzyay.jpg"
"Jatiasih","2024-03-07","https://i.imgur.com/qdvwo.jpg"
"Jatiasih","2024-12-16","https://i.imgur.com/mshwn.jpg"
"Jatiasih","2024-01-10","https://i.imgur.com/xmpwj.jpg"
"Jatiasih","2024-10-20","https://i.imgur.com/jnzzo.jpg"
"Jatiasih","2024-03-02","https://i.imgur.com/sytai.jpg"
"Jatiasih","2024-11-07","https://i.imgur.com/elule.jpg"
"Jatiasih","2024-10-05","https://i.imgur.com/sxada.jpg"
"Jatiasih","2024-03-27","https://i.imgur.com/zyxmp.jpg"
"Jatiasih","2024-11-11","https://i.imgur.com/ixgfu.jpg"
"Jatiasih","2024-01-13","https://i.imgur.com/xunoh.jpg"
"Jatiasih","2024-03-16","https://i.imgur.com/zybhy.jpg"
"Jatiasih","2024-09-16","https://i.imgur.com/wazov.jpg"
"Jatiasih","2024-09-16","https://i.imgur.com/iwzwd.jpg"
"Jatiasih","2024-09-18","https://i.imgur.com/ocbdo.jpg"
"Jatiasih","2024-03-04","https://i.imgur.com/lrwke.jpg"
"Jatiasih","2024-09-12","https://i.imgur.com/ucuva.jpg"
"Jatiasih","2024-09-13","https://i.imgur.com/vkrjl.jpg"
"Jatiasih","2024-05-24","https://i.imgur.com/aixom.jpg"
"Jatiasih","2024-11-08","https://i.imgur.com/slsog.jpg"
"Jatiasih","2024-06-28","https://i.imgur.com/svpbr.jpg"
"Jatiasih","2024-08-06","https://i.imgur.com/nzzgr.jpg"
"Jatiasih","2024-08-22","https://i.imgur.com/sohme.jpg"
"Jatiasih","2024-12-10","https://i.imgur.com/qdtsl.jpg"
"Jatiasih","2024-06-12","https://i.imgur.com/wcdkn.jpg"
"Jatiasih","2024-10-16","https://i.imgur.com/junss.jpg"
"Jatiasih","2024-01-07","https://i.imgur.com/syuoo.jpg"
"Jatiasih","2024-10-11","https://i.imgur.com/oupnn.jpg"
"Jatiasih","2024-03-25","https://i.imgur.com/unjaw.jpg"
"Jatiasih","2024-02-21","https://i.imgur.com/knjqd.jpg"
"Jatiasih","2024-10-01","https://i.imgur.com/vvftw.jpg"
"Jatiasih","2024-11-13","https://i.imgur.com/knugf.jpg"
"Jatiasih","2024-06-18","https://i.imgur.com/izvic.jpg"
"Jatiasih","2024-09-03","https://i.imgur.com/xmsty.jpg"
"Jatiasih","2024-12-19","https://i.imgur.com/qgcqf.jpg"
"Jatiasih","2024-10-04","https://i.imgur.com/wzmwk.jpg"
"Jatiasih","2024-08-05","https://i.imgur.com/nkdon.jpg"
"Jatiasih","2024-11-20","https://i.imgur.com/mzpqc.jpg"
"Jatiasih","2024-01-01","https://i.imgur.com/dtwzp.jpg"
"Jatiasih","2024-09-25","https://i.imgur.com/mwuey.jpg"
"Jatiasih","2024-10-12","https://i.imgur.com/wsbpm.jpg"
"Jatiasih","2024-10-10","https://i.imgur.com/urhfq.jpg"
"Jatiasih","2024-02-09","https://i.imgur.com/ohjnu.jpg"
"Jatiasih","2024-12-04","https://i.imgur.com/hqjsa.jpg"
"Jatiasih","2024-02-06","https://i.imgur.com/tntxz.jpg"
"Jatiasih","2024-04-09","https://i.imgur.com/cjxxq.jpg"
"Jatiasih","2024-09-15","https://i.imgur.com/shyop.jpg"
"Jatiasih","2024-01-09","https://i.imgur.com/bjoox.jpg"
"Jatiasih","2024-05-15","https://i.imgur.com/qmsjw.jpg"
"Jatiasih","2024-03-01","https://i.imgur.com/vhslz.jpg"
"Jatiasih","2024-02-03","https://i.imgur.com/rqpwl.jpg"
"Jatiasih","2024-08-25","https://i.imgur.com/belga.jpg"
"Jatiasih","2024-11-03","https://i.imgur.com/yoalf.jpg"
"Jatiasih","2024-08-23","https://i.imgur.com/juybp.jpg"
"Jatiasih","2024-03-02","https://i.imgur.com/xyard.jpg"
"Jatiasih","2024-08-03","https://i.imgur.com/uuwjy.jpg"
"Jatiasih","2024-05-16","https://i.imgur.com/bdoaf.jpg"
"Jatiasih","2024-11-06","https://i.imgur.com/vwtyg.jpg"
"Jatiasih","2024-06-03","https://i.imgur.com/vejyv.jpg"
"Jatiasih","2024-12-27","https://i.imgur.com/qxpgb.jpg"
"Jatiasih","2024-08-13","https://i.imgur.com/rllfc.jpg"
"Jatiasih","2024-12-15","https://i.imgur.com/biekd.jpg"
"Jatiasih","2024-06-24","https://i.imgur.com/cnznk.jpg"
"Jatiasih","2024-12-12","https://i.imgur.com/krytw.jpg"
"Jatiasih","2024-08-13","https://i.imgur.com/khubv.jpg"
"Jatiasih","2024-05-27","https://i.imgur.com/hgqme.jpg"
"Jatiasih","2024-12-20","https://i.imgur.com/jsqcg.jpg"
"Jatiasih","2024-08-15","https://i.imgur.com/fneiu.jpg"
"Jatiasih","2024-12-21","https://i.imgur.com/sappr.jpg"
"Jatiasih","2024-02-02","https://i.imgur.com/hhjew.jpg"
"Jatiasih","2024-03-23","https://i.imgur.com/pnbko.jpg"
"Jatiasih","2024-06-09","https://i.imgur.com/tfdnl.jpg"
"Jatiasih","2024-08-21","https://i.imgur.com/orggw.jpg"
"Jatiasih","2024-07-24","https://i.imgur.com/aymrk.jpg"
"Jatiasih","2024-02-03","https://i.imgur.com/xvuax.jpg"
"Jatiasih","2024-09-06","https://i.imgur.com/hmaey.jpg"
"Jatiasih","2024-01-09","https://i.imgur.com/yevqf.jpg"
"Jatiasih","2024-09-02","https://i.imgur.com/hvxqz.jpg"
"Jatiasih","2024-06-12","https://i.imgur.com/mibhu.jpg"
"Jatiasih","2024-09-22","https://i.imgur.com/hsuvj.jpg"
"Jatiasih","2024-08-07","https://i.imgur.com/mnorw.jpg"
"Jatiasih","2024-07-01","https://i.imgur.com/bajal.jpg"
"Jatiasih","2024-07-15","https://i.imgur.com/rrrao.jpg"
"Jatiasih","2024-10-08","https://i.imgur.com/pzbvp.jpg"
"Jatiasih","2024-11-09","https://i.imgur.com/xnxia.jpg"
"Jatiasih","2024-10-19","https://i.imgur.com/wmzqy.jpg"
"Jatiasih","2024-11-07","https://i.imgur.com/pqyhx.jpg"
"Jatiasih","2024-04-03","https://i.imgur.com/wpawi.jpg"
"Jatiasih","2024-06-15","https://i.imgur.com/rogvx.jpg"
"Jatiasih","2024-01-01","https://i.imgur.com/bpkko.jpg"
"Jatiasih","2024-08-02","https://i.imgur.com/ftbnm.jpg"
"Jatiasih","2024-03-07","https://i.imgur.com/aeenb.jpg"
"Jatiasih","2024-10-25","https://i.imgur.com/ispyt.jpg"
"Jatiasih","2024-12-01","https://i.imgur.com/jnqia.jpg"
"Jatiasih","2024-03-09","https://i.imgur.com/xqhoy.jpg"
"Jatiasih","2024-10-04","https://i.imgur.com/aopzj.jpg"
"Jatiasih","2024-09-14","https://i.imgur.com/lpmvh.jpg"
"Jatiasih","2024-04-17","https://i.imgur.com/wcgol.jpg"
"Jatiasih","2024-01-27","https://i.imgur.com/lscxt.jpg"
"Jatiasih","2024-06-08","https://i.imgur.com/dhozk.jpg"
"Jatiasih","2024-03-13","https://i.imgur.com/yexwp.jpg"
"Jatiasih","2024-10-24","https://i.imgur.com/zrcyg.jpg"
"Jatiasih","2024-01-07","https://i.imgur.com/wgxqe.jpg"
"Jatiasih","2024-03-01","https://i.imgur.com/vkbkn.jpg"
"Jatiasih","2024-11-21","https://i.imgur.com/wicfd.jpg"
"Jatiasih","2024-08-22","https://i.imgur.com/mjjco.jpg"
"Jatiasih","2024-10-20","https://i.imgur.com/drluu.jpg"
"Jatiasih","2024-02-02","https://i.imgur.com/iqorv.jpg"
"Jatiasih","2024-07-06","https://i.imgur.com/ydelv.jpg"
"Jatiasih","2024-10-04","https://i.imgur.com/wrvqc.jpg"
"Jatiasih","2024-03-16","https://i.imgur.com/ugcvg.jpg"
"Jatiasih","2024-09-03","https://i.imgur.com/ychgz.jpg"
"Jatiasih","2024-02-21","https://i.imgur.com/odexz.jpg"
"Jatiasih","2024-10-23","https://i.imgur.com/fcxbt.jpg"
"Jatiasih","2024-09-04","https://i.imgur.com/ymqqt.jpg"
"Jatiasih","2024-12-14","https://i.imgur.com/wohht.jpg"
"Jatiasih","2024-06-22","https://i.imgur.com/jwbtl.jpg"
"Jatiasih","2024-02-15","https://i.imgur.com/ccxwa.jpg"
"Jatiasih","2024-03-16","https://i.imgur.com/xyyoj.jpg"
"Jatiasih","2024-09-27","https://i.imgur.com/bsgrb.jpg"
"Jatiasih","2024-09-03","https://i.imgur.com/pzsmz.jpg"
"Jatiasih","2024-06-02","https://i.imgur.com/ayzjm.jpg"
"Jatiasih","2024-11-12","https://i.imgur.com/hcrnl.jpg"
"Jatiasih","2024-05-27","https://i.imgur.com/brgji.jpg"
"Jatiasih","2024-07-13","https://i.imgur.com/wgbsd.jpg"
"Jatiasih","2024-01-14","https://i.imgur.com/rkjge.jpg"
"Jatiasih","2024-06-07","https://i.imgur.com/bitwp.jpg"
"Jatiasih","2024-09-28","https://i.imgur.com/ojpsp.jpg"
"Jatiasih","2024-11-13","https://i.imgur.com/lbqof.jpg"
"Jatiasih","2024-03-08","https://i.imgur.com/piyww.jpg"
"Jatiasih","2024-07-10","https://i.imgur.com/bzigx.jpg"
"Jatiasih","2024-08-16","https://i.imgur.com/jhfwy.jpg"
"Jatiasih","2024-01-26","https://i.imgur.com/qfmkf.jpg"
"Jatiasih","2024-05-08","https://i.imgur.com/jvemv.jpg"
"Jatiasih","2024-06-16","https://i.imgur.com/kpirg.jpg"
"Jatiasih","2024-06-27","https://i.imgur.com/hvkfl.jpg"
"Jatiasih","2024-05-28","https://i.imgur.com/vhedz.jpg"
"Jatiasih","2024-03-24","https://i.imgur.com/yvoru.jpg"
"Jatiasih","2024-07-24","https://i.imgur.com/psogu.jpg"
"Jatiasih","2024-11-28","https://i.imgur.com/lsvrl.jpg"
"Jatiasih","2024-05-03","https://i.imgur.com/fwbxp.jpg"
"Jatiasih","2024-04-22","https://i.imgur.com/xfara.jpg"
"Jatiasih","2024-12-14","https://i.imgur.com/xqfpr.jpg"
"Jatiasih","2024-12-07","https://i.imgur.com/vmkuk.jpg"
"Jatiasih","2024-08-16","https://i.imgur.com/jnuyo.jpg"
"Jatiasih","2024-12-27","https://i.imgur.com/hbumb.jpg"
"Jatiasih","2024-06-03","https://i.imgur.com/bvmdv.jpg"
"Jatiasih","2024-07-13","https://i.imgur.com/qvaxm.jpg"
"Jatiasih","2024-07-20","https://i.imgur.com/qtbmg.jpg"
"Jatiasih","2024-06-21","https://i.imgur.com/kzigw.jpg"
"Jatiasih","2024-01-26","https://i.imgur.com/gokok.jpg"
"Jatiasih","2024-03-19","https://i.imgur.com/hefrz.jpg"
"Jatiasih","2024-09-03","https://i.imgur.com/arclj.jpg"
"Jatiasih","2024-09-13","https://i.imgur.com/gziwg.jpg"
"Jatiasih","2024-03-01","https://i.imgur.com/hkiml.jpg"
"Jatiasih","2024-06-04","https://i.imgur.com/jjrgp.jpg"
"Jatiasih","2024-08-25","https://i.imgur.com/mbgfb.jpg"
"Jatiasih","2024-06-07","https://i.imgur.com/hxiix.jpg"
"Jatiasih","2024-02-17","https://i.imgur.com/jkzyd.jpg"
"Jatiasih","2024-04-16","https://i.imgur.com/axdbs.jpg"
"Jatiasih","2024-12-17","https://i.imgur.com/zzohn.jpg"
"Jatiasih","2024-05-15","https://i.imgur.com/zaiao.jpg"
"Jatiasih","2024-09-27","https://i.imgur.com/bnbzq.jpg"
"Jatiasih","2024-04-12","https://i.imgur.com/vjlxn.jpg"
"Jatiasih","2024-08-07","https://i.imgur.com/zxasf.jpg"
"Jatiasih","2024-12-25","https://i.imgur.com/malxe.jpg"
"Jatiasih","2024-08-12","https://i.imgur.com/gnlvu.jpg"
"Jatiasih","2024-04-08","https://i.imgur.com/gcasy.jpg"
"Jatiasih","2024-12-07","https://i.imgur.com/mheso.jpg"
"Jatiasih","2024-12-17","https://i.imgur.com/cxxup.jpg"
"Jatiasih","2024-10-11","https://i.imgur.com/ifllr.jpg"
"Jatiasih","2024-12-02","https://i.imgur.com/swgiq.jpg"
"Jatiasih","2024-01-27","https://i.imgur.com/kfulg.jpg"
"Jatiasih","2024-02-13","https://i.imgur.com/gefid.jpg"
"Jatiasih","2024-04-13","https://i.imgur.com/tymzs.jpg"
"Jatiasih","2024-02-21","https://i.imgur.com/egycr.jpg"
"Jatiasih","2024-03-13","https://i.imgur.com/oawgo.jpg"
"Jatiasih","2024-01-26","https://i.imgur.com/jbofc.jpg"
"Jatiasih","2024-09-09","https://i.imgur.com/jtefx.jpg"
"Jatiasih","2024-02-21","https://i.imgur.com/ucbcg.jpg"
"Jatiasih","2024-10-13","https://i.imgur.com/lwsvk.jpg"
"Jatiasih","2024-07-08","https://i.imgur.com/dquqt.jpg"
"Jatiasih","2024-05-28","https://i.imgur.com/auief.jpg"
"Jatiasih","2024-09-05","https://i.imgur.com/cajsm.jpg"
"Jatiasih","2024-06-26","https://i.imgur.com/ixohq.jpg"
"Jatiasih","2024-08-22","https://i.imgur.com/wnowb.jpg"
"Jatiasih","2024-02-20","https://i.imgur.com/awhey.jpg"
"Jatiasih","2024-04-11","https://i.imgur.com/uzwsr.jpg"
"Jatiasih","2024-11-08","https://i.imgur.com/nsdwc.jpg"
"Jatiasih","2024-08-02","https://i.imgur.com/ijrsd.jpg"
"Jatiasih","2024-12-28","https://i.imgur.com/entzu.jpg"
"Jatiasih","2024-06-19","https://i.imgur.com/plunq.jpg"
"Jatiasih","2024-10-19","https://i.imgur.com/qocib.jpg"
"Jatiasih","2024-12-10","https://i.imgur.com/qexju.jpg"
"Jatiasih","2024-12-14","https://i.imgur.com/fiayu.jpg"
"Jatiasih","2024-07-28","https://i.imgur.com/thclf.jpg"
"Jatiasih","2024-03-25","https://i.imgur.com/cmlpj.jpg"
"Jatiasih","2024-03-25","https://i.imgur.com/zkpka.jpg"
"Jatiasih","2024-08-05","https://i.imgur.com/igxxt.jpg"
"Jatiasih","2024-02-08","https://i.imgur.com/gvjmf.jpg"
"Jatiasih","2024-05-04","https://i.imgur.com/rzgkp.jpg"
"Jatiasih","2024-02-26","https://i.imgur.com/pypfk.jpg"
"Jatiasih","2024-04-23","https://i.imgur.com/etsdh.jpg"
"Jatiasih","2024-08-11","https://i.imgur.com/abqxu.jpg"
"Jatiasih","2024-05-21","https://i.imgur.com/kjvoa.jpg"
"Jatiasih","2024-05-22","https://i.imgur.com/hmrru.jpg"
"Jatiasih","2024-04-01","https://i.imgur.com/licly.jpg"
"Jatiasih","2024-03-12","https://i.imgur.com/mulmv.jpg"
"Jatiasih","2024-06-06","https://i.imgur.com/dhxon.jpg"
"Jatiasih","2024-10-25","https://i.imgur.com/aaopf.jpg"
"Jatiasih","2024-10-05","https://i.imgur.com/ufktp.jpg"
"Jatiasih","2024-04-13","https://i.imgur.com/rbwio.jpg"
"Jatiasih","2024-09-18","https://i.imgur.com/jkrqt.jpg"
"Jatiasih","2024-12-22","https://i.imgur.com/zrokp.jpg"
"Jatiasih","2024-01-20","https://i.imgur.com/yaenx.jpg"
"Jatiasih","2024-05-22","https://i.imgur.com/sunlw.jpg"
"Jatiasih","2024-10-19","https://i.imgur.com/todji.jpg"
"Jatiasih","2024-09-02","https://i.imgur.com/fhitf.jpg"
"Jatiasih","2024-11-12","https://i.imgur.com/znjdj.jpg"
"Jatiasih","2024-04-01","https://i.imgur.com/csgia.jpg"
"Jatiasih","2024-10-27","https://i.imgur.com/oagmp.jpg"
"Jatiasih","2024-07-07","https://i.imgur.com/ojrzy.jpg"
"Jatiasih","2024-05-17","https://i.imgur.com/knwgo.jpg"
"Jatiasih","2024-04-12","https://i.imgur.com/wgrdw.jpg"
"Jatiasih","2024-07-05","https://i.imgur.com/jxlbo.jpg"
"Jatiasih","2024-10-18","https://i.imgur.com/dejxd.jpg"
"Jatiasih","2024-03-05","https://i.imgur.com/pyctk.jpg"
"Jatiasih","2024-01-23","https://i.imgur.com/gxucg.jpg"
"Jatiasih","2024-02-03","https://i.imgur.com/ykyup.jpg"
"Jatiasih","2024-07-01","https://i.imgur.com/xbtlk.jpg"
"Jatiasih","2024-05-06","https://i.imgur.com/dkxgv.jpg"
"Jatiasih","2024-06-16","https://i.imgur.com/rbzrf.jpg"
"Jatiasih","2024-11-07","https://i.imgur.com/oyjgb.jpg"
"Jatiasih","2024-03-16","https://i.imgur.com/yycdz.jpg"
"Jatiasih","2024-12-22","https://i.imgur.com/oiata.jpg"
"Jatiasih","2024-04-10","https://i.imgur.com/ztikx.jpg"
"Jatiasih","2024-01-06","https://i.imgur.com/cksvm.jpg"
"Jatiasih","2024-06-23","https://i.imgur.com/tetmf.jpg"
"Jatiasih","2024-06-08","https://i.imgur.com/hdafw.jpg"
"Jatiasih","2024-01-26","https://i.imgur.com/cpagg.jpg"
"Jatiasih","2024-11-22","https://i.imgur.com/qrwai.jpg"
"Jatiasih","2024-10-24","https://i.imgur.com/gdnid.jpg"
"Jatiasih","2024-12-04","https://i.imgur.com/penbf.jpg"
"Jatiasih","2024-12-07","https://i.imgur.com/ryyts.jpg"
"Jatiasih","2024-01-01","https://i.imgur.com/jtdxu.jpg"
"Jatiasih","2024-07-19","https://i.imgur.com/rjkft.jpg"
"Jatiasih","2024-11-22","https://i.imgur.com/ihvzc.jpg"
"Jatiasih","2024-08-16","https://i.imgur.com/tslxv.jpg"
"Jatiasih","2024-10-20","https://i.imgur.com/tusyx.jpg"
"Jatiasih","2024-04-26","https://i.imgur.com/isjhi.jpg"
"Jatiasih","2024-01-05","https://i.imgur.com/lhohm.jpg"
"Jatiasih","2024-08-24","https://i.imgur.com/nkbfo.jpg"
"Jatiasih","2024-02-03","https://i.imgur.com/mvhni.jpg"
"Jatiasih","2024-02-09","https://i.imgur.com/ipidm.jpg"
"Jatiasih","2024-05-15","https://i.imgur.com/ehtjr.jpg"
"Jatiasih","2024-06-25","https://i.imgur.com/wkdjs.jpg"
"Jatiasih","2024-07-13","https://i.imgur.com/wwjto.jpg"
"Jatiasih","2024-07-26","https://i.imgur.com/yewjk.jpg"
"Jatiasih","2024-12-17","https://i.imgur.com/czrqy.jpg"
"Jatiasih","2024-03-21","https://i.imgur.com/tibew.jpg"
"Jatiasih","2024-06-09","https://i.imgur.com/lgdwk.jpg"
"Jatiasih","2024-11-04","https://i.imgur.com/cbcaq.jpg"
"Jatiasih","2024-12-15","https://i.imgur.com/ohshy.jpg"
"Jatiasih","2024-10-23","https://i.imgur.com/upqcp.jpg"
"Jatiasih","2024-07-24","https://i.imgur.com/vsxdd.jpg"
"Jatiasih","2024-06-07","https://i.imgur.com/cpidn.jpg"
"Jatiasih","2024-06-10","https://i.imgur.com/xsebb.jpg"
"Jatiasih","2024-01-24","https://i.imgur.com/vhagm.jpg"
"Jatiasih","2024-02-23","https://i.imgur.com/faulk.jpg"
"Jatiasih","2024-11-13","https://i.imgur.com/gzbpv.jpg"
"Jatiasih","2024-08-20","https://i.imgur.com/lnhdf.jpg"
"Jatiasih","2024-11-15","https://i.imgur.com/tkphj.jpg"
"Jatiasih","2024-12-20","https://i.imgur.com/tcknx.jpg"
"Jatiasih","2024-04-05","https://i.imgur.com/xvfaj.jpg"
"Jatiasih","2024-10-27","https://i.imgur.com/ihsrn.jpg"
"Jatiasih","2024-07-24","https://i.imgur.com/wqfkt.jpg"
"Jatiasih","2024-01-04","https://i.imgur.com/hjegp.jpg"
"Jatiasih","2024-01-02","https://i.imgur.com/ruogh.jpg"
"Jatiasih","2024-07-03","https://i.imgur.com/ngyil.jpg"
"Jatiasih","2024-02-16","https://i.imgur.com/ycplo.jpg"
"Jatiasih","2024-12-19","https://i.imgur.com/zpoov.jpg"
"Jatiasih","2024-07-23","https://i.imgur.com/zjwam.jpg"
"Jatiasih","2024-10-22","https://i.imgur.com/iidiq.jpg"
"Jatiasih","2024-05-06","https://i.imgur.com/rjcny.jpg"
"Jatiasih","2024-06-02","https://i.imgur.com/ticts.jpg"
"Jatiasih","2024-01-07","https://i.imgur.com/pcwzv.jpg"
"Jatiasih","2024-01-20","https://i.imgur.com/pbedq.jpg"
"Jatiasih","2024-02-04","https://i.imgur.com/sddrm.jpg"
"Jatiasih","2024-09-25","https://i.imgur.com/qlopb.jpg"
"Jatiasih","2024-04-15","https://i.imgur.com/wzhiz.jpg"
"Jatiasih","2024-07-02","https://i.imgur.com/sszrt.jpg"
"Jatiasih","2024-10-14","https://i.imgur.com/txwzo.jpg"
"Jatiasih","2024-01-06","https://i.imgur.com/ozwxb.jpg"
"Jatiasih","2024-04-13","https://i.imgur.com/frokc.jpg"
"Jatiasih","2024-10-09","https://i.imgur.com/pouon.jpg"
"Jatiasih","2024-12-26","https://i.imgur.com/vxvgl.jpg"
"Jatiasih","2024-06-01","https://i.imgur.com/qalro.jpg"
"Jatiasih","2024-02-18","https://i.imgur.com/heckp.jpg"
"Jatiasih","2024-12-21","https://i.imgur.com/zaymf.jpg"
"Jatiasih","2024-05-05","https://i.imgur.com/zavfc.jpg"
"Jatiasih","2024-10-03","https://i.imgur.com/ienlm.jpg"
"Jatiasih","2024-06-09","https://i.imgur.com/fleuf.jpg"
"Jatiasih","2024-06-03","https://i.imgur.com/ihnri.jpg"
"Jatiasih","2024-06-09","https://i.imgur.com/khhni.jpg"
"Jatiasih","2024-05-21","https://i.imgur.com/shvxr.jpg"
"Jatiasih","2024-01-05","https://i.imgur.com/xvvmk.jpg"
"Jatiasih","2024-02-03","https://i.imgur.com/hnwwo.jpg"
"Jatiasih","2024-06-23","https://i.imgur.com/alurt.jpg"
"Jatiasih","2024-12-21","https://i.imgur.com/lynbz.jpg"
"Jatiasih","2024-07-06","https://i.imgur.com/aacte.jpg"
"Jatiasih","2024-04-13","https://i.imgur.com/nehoy.jpg"
"Jatiasih","2024-09-26","https://i.imgur.com/mprcg.jpg"
"Jatiasih","2024-07-14","https://i.imgur.com/ietie.jpg"
"Jatiasih","2024-08-01","https://i.imgur.com/kynlr.jpg"
"Jatiasih","2024-06-13","https://i.imgur.com/hqdnc.jpg"
"Jatiasih","2024-06-18","https://i.imgur.com/oxxyi.jpg"
"Jatiasih","2024-07-03","https://i.imgur.com/dqirf.jpg"
"Jatiasih","2024-04-13","https://i.imgur.com/xgdlm.jpg"
"Jatiasih","2024-12-18","https://i.imgur.com/ndwnf.jpg"
"Jatiasih","2024-02-02","https://i.imgur.com/pebjp.jpg"
"Jatiasih","2024-04-22","https://i.imgur.com/dxoae.jpg"
"Jatiasih","2024-03-17","https://i.imgur.com/zvvhu.jpg"
"Jatiasih","2024-10-14","https://i.imgur.com/xuysm.jpg"
"Jatiasih","2024-08-04","https://i.imgur.com/kzbei.jpg"
"Jatiasih","2024-09-21","https://i.imgur.com/ziskq.jpg"
"Jatiasih","2024-09-12","https://i.imgur.com/tlhhs.jpg"
"Jatiasih","2024-11-11","https://i.imgur.com/jcwjj.jpg"
"Jatiasih","2024-06-21","https://i.imgur.com/ogptt.jpg"
"Jatiasih","2024-09-18","https://i.imgur.com/abmii.jpg"
"Jatiasih","2024-12-04","https://i.imgur.com/aaxrb.jpg"
"Jatiasih","2024-02-24","https://i.imgur.com/pctvq.jpg"
"Jatiasih","2024-05-25","https://i.imgur.com/jwvch.jpg"
"Jatiasih","2024-09-14","https://i.imgur.com/ggvry.jpg"
"Jatiasih","2024-10-21","https://i.imgur.com/xotio.jpg"
"Jatiasih","2024-03-01","https://i.imgur.com/btitp.jpg"
"Jatiasih","2024-11-10","https://i.imgur.com/eojtw.jpg"
"Jatiasih","2024-05-24","https://i.imgur.com/dpzgp.jpg"
"Jatiasih","2024-05-18","https://i.imgur.com/uykeg.jpg"
"Jatiasih","2024-09-18","https://i.imgur.com/iqudk.jpg"
"Jatiasih","2024-12-05","https://i.imgur.com/hpypp.jpg"
"Jatiasih","2024-03-10","https://i.imgur.com/plbxa.jpg"
"Jatiasih","2024-06-19","https://i.imgur.com/sfzia.jpg"
"Jatiasih","2024-11-08","https://i.imgur.com/otwxf.jpg"
"Jatiasih","2024-06-28","https://i.imgur.com/brtgn.jpg"
"Jatiasih","2024-11-04","https://i.imgur.com/afbjy.jpg"
"Jatiasih","2024-04-07","https://i.imgur.com/ehqsg.jpg"
"Jatiasih","2024-06-01","https://i.imgur.com/tolnv.jpg"
"Jatiasih","2024-02-06","https://i.imgur.com/ctoay.jpg"
"Jatiasih","2024-02-16","https://i.imgur.com/gjypy.jpg"
"Jatiasih","2024-12-24","https://i.imgur.com/fiisl.jpg"
"Jatiasih","2024-02-01","https://i.imgur.com/ubqcd.jpg"
"Jatiasih","2024-10-22","https://i.imgur.com/ipftf.jpg"
"Jatiasih","2024-02-21","https://i.imgur.com/jhvvs.jpg"
"Jatiasih","2024-10-02","https://i.imgur.com/nfvxo.jpg"
"Jatiasih","2024-06-20","https://i.imgur.com/fisog.jpg"
"Jatiasih","2024-10-19","https://i.imgur.com/uhpru.jpg"
"Jatiasih","2024-12-15","https://i.imgur.com/qmmss.jpg"
"Jatiasih","2024-12-15","https://i.imgur.com/gydyv.jpg"
"Jatiasih","2024-06-14","https://i.imgur.com/txicf.jpg"
"Jatiasih","2024-04-01","https://i.imgur.com/rrtih.jpg"
"Jatiasih","2024-01-25","https://i.imgur.com/romoq.jpg"
"Jatiasih","2024-04-18","https://i.imgur.com/aetvh.jpg"
"Jatiasih","2024-12-10","https://i.imgur.com/vhcko.jpg"
"Jatiasih","2024-10-15","https://i.imgur.com/teujp.jpg"
"Jatiasih","2024-10-24","https://i.imgur.com/ejrvg.jpg"
"Jatiasih","2024-11-15","https://i.imgur.com/styne.jpg"
"Jatiasih","2024-07-18","https://i.imgur.com/psggm.jpg"
"Jatiasih","2024-06-14","https://i.imgur.com/ehvwy.jpg"
"Jatiasih","2024-11-19","https://i.imgur.com/pgccr.jpg"
"Jatiasih","2024-11-27","https://i.imgur.com/nihdg.jpg"
"Jatiasih","2024-03-03","https://i.imgur.com/vmesc.jpg"
"Jatiasih","2024-01-10","https://i.imgur.com/tqaeq.jpg"
"Jatiasih","2024-02-06","https://i.imgur.com/salwp.jpg"
"Jatiasih","2024-11-05","https://i.imgur.com/wxpfs.jpg"
"Jatiasih","2024-12-16","https://i.imgur.com/njddx.jpg"
"Jatiasih","2024-07-15","https://i.imgur.com/mwvtu.jpg"
"Jatiasih","2024-02-07","https://i.imgur.com/ispwz.jpg"
"Jatiasih","2024-05-06","https://i.imgur.com/ccrdz.jpg"
"Jatiasih","2024-11-03","https://i.imgur.com/ujlah.jpg"
"Jatiasih","2024-08-28","https://i.imgur.com/usvak.jpg"
"Jatiasih","2024-04-26","https://i.imgur.com/zttbo.jpg"
"Jatiasih","2024-09-25","https://i.imgur.com/nhjeg.jpg"
"Jatiasih","2024-04-22","https://i.imgur.com/fgkfq.jpg"
"Jatiasih","2024-08-12","https://i.imgur.com/wsxcq.jpg"
"Jatiasih","2024-08-09","https://i.imgur.com/lwtqf.jpg"
"Jatiasih","2024-03-21","https://i.imgur.com/ibiog.jpg"
"Jatiasih","2024-08-03","https://i.imgur.com/rimgp.jpg"
"Jatiasih","2024-11-05","https://i.imgur.com/mpbnd.jpg"
"Jatiasih","2024-03-20","https://i.imgur.com/awlkv.jpg"
"Jatiasih","2024-12-27","https://i.imgur.com/aaqal.jpg"
"Jatiasih","2024-01-03","https://i.imgur.com/lidqo.jpg"
"Jatiasih","2024-02-07","https://i.imgur.com/yysws.jpg"
"Jatiasih","2024-02-06","https://i.imgur.com/morix.jpg"
"Jatiasih","2024-07-11","https://i.imgur.com/vwcdz.jpg"
"Jatiasih","2024-08-27","https://i.imgur.com/lzjbr.jpg"
"Jatiasih","2024-11-23","https://i.imgur.com/xzizz.jpg"
"Jatiasih","2024-04-17","https://i.imgur.com/kvcxv.jpg"
"Jatiasih","2024-10-03","https://i.imgur.com/loxty.jpg"
"Jatiasih","2024-07-02","https://i.imgur.com/djglx.jpg"
"Jatiasih","2024-12-18","https://i.imgur.com/enxsn.jpg"
"Jatiasih","2024-07-08","https://i.imgur.com/lkctu.jpg"
"Jatiasih","2024-12-03","https://i.imgur.com/pqjnv.jpg"
"Jatiasih","2024-05-02","https://i.imgur.com/eqbil.jpg"
"Jatiasih","2024-04-17","https://i.imgur.com/hpktx.jpg"
"Jatiasih","2024-01-03","https://i.imgur.com/athev.jpg"
"Jatiasih","2024-02-20","https://i.imgur.com/jfzuk.jpg"
"Jatiasih","2024-07-05","https://i.imgur.com/kardf.jpg"
"Jatiasih","2024-08-14","https://i.imgur.com/vcrli.jpg"
"Jatiasih","2024-02-05","https://i.imgur.com/jdtlj.jpg"
"Jatiasih","2024-08-21","https://i.imgur.com/lwltr.jpg"
"Jatiasih","2024-08-02","https://i.imgur.com/slnmm.jpg"
"Jatiasih","2024-07-14","https://i.imgur.com/cvyvd.jpg"
"Jatiasih","2024-01-23","https://i.imgur.com/myvnc.jpg"
"Jatiasih","2024-07-26","https://i.imgur.com/qvmap.jpg"
"Jatiasih","2024-07-21","https://i.imgur.com/cmqqz.jpg"
"Jatiasih","2024-08-23","https://i.imgur.com/ovtib.jpg"
"Jatiasih","2024-08-15","https://i.imgur.com/fynvk.jpg"
"Jatiasih","2024-04-24","https://i.imgur.com/pcghf.jpg"
"Jatiasih","2024-02-24","https://i.imgur.com/lfgdl.jpg"
"Jatiasih","2024-02-10","https://i.imgur.com/anndx.jpg"
"Jatiasih","2024-02-28","https://i.imgur.com/tjmbn.jpg"
"Jatiasih","2024-02-28","https://i.imgur.com/egmzl.jpg"
"Jatiasih","2024-04-08","https://i.imgur.com/iicaz.jpg"
"Jatiasih","2024-11-25","https://i.imgur.com/eurea.jpg"
"Jatiasih","2024-08-15","https://i.imgur.com/ifpst.jpg"
"Jatiasih","2024-04-23","https://i.imgur.com/wekkw.jpg"
"Jatiasih","2024-04-01","https://i.imgur.com/tpxpp.jpg"
"Jatiasih","2024-11-27","https://i.imgur.com/unimo.jpg"
"Jatiasih","2024-03-23","https://i.imgur.com/witta.jpg"
"Jatiasih","2024-05-16","https://i.imgur.com/iwqmz.jpg"
"Jatiasih","2024-04-17","https://i.imgur.com/qzqos.jpg"
"Jatiasih","2024-02-12","https://i.imgur.com/vqqys.jpg"
"Jatiasih","2024-10-15","https://i.imgur.com/sdhaa.jpg"
"Jatiasih","2024-10-07","https://i.imgur.com/rycgn.jpg"
"Jatiasih","2024-01-09","https://i.imgur.com/rxwof.jpg"
"Jatiasih","2024-01-25","https://i.imgur.com/zkoua.jpg"
"Jatiasih","2024-10-02","https://i.imgur.com/psnut.jpg"
"Jatiasih","2024-07-01","https://i.imgur.com/ptmyu.jpg"
"Jatiasih","2024-08-09","https://i.imgur.com/mgyip.jpg"
"Jatiasih","2024-07-17","https://i.imgur.com/hcoti.jpg"
"Jatiasih","2024-05-03","https://i.imgur.com/tcgbl.jpg"
"Jatiasih","2024-09-02","https://i.imgur.com/qvyqn.jpg"
"Jatiasih","2024-05-20","https://i.imgur.com/cdbnc.jpg"
"Jatiasih","2024-05-01","https://i.imgur.com/pmnif.jpg"
"Jatiasih","2024-04-27","https://i.imgur.com/bmpfo.jpg"
"Jatiasih","2024-09-11","https://i.imgur.com/jvwsu.jpg"
"Jatiasih","2024-02-15","https://i.imgur.com/sjjnu.jpg"
"Jatiasih","2024-04-22","https://i.imgur.com/udtwm.jpg"
"Jatiasih","2024-07-11","https://i.imgur.com/mwzru.jpg"
"Jatiasih","2024-03-09","https://i.imgur.com/cpncd.jpg"
"Jatiasih","2024-11-06","https://i.imgur.com/yjvjv.jpg"
"Jatiasih","2024-04-16","https://i.imgur.com/vwjof.jpg"
"Jatiasih","2024-06-01","https://i.imgur.com/lqwop.jpg"
"Jatiasih","2024-07-25","https://i.imgur.com/cxpdj.jpg"
"Jatiasih","2024-03-02","https://i.imgur.com/fpjan.jpg"
"Jatiasih","2024-09-28","https://i.imgur.com/rvxml.jpg"
"Jatiasih","2024-12-05","https://i.imgur.com/xsgkz.jpg"
"Jatiasih","2024-02-19","https://i.imgur.com/paeuk.jpg"
"Jatiasih","2024-06-06","https://i.imgur.com/aocre.jpg"
"Jatiasih","2024-08-28","https://i.imgur.com/ceapi.jpg"
"Jatiasih","2024-09-20","https://i.imgur.com/ropsf.jpg"
"Jatiasih","2024-11-13","https://i.imgur.com/mbnby.jpg"
"Jatiasih","2024-03-15","https://i.imgur.com/pfeca.jpg"
"Jatiasih","2024-07-01","https://i.imgur.com/rcyrt.jpg"
"Jatiasih","2024-12-28","https://i.imgur.com/spfan.jpg"
"Jatiasih","2024-07-07","https://i.imgur.com/pdwph.jpg"
"Jatiasih","2024-08-28","https://i.imgur.com/uxbeo.jpg"
"Jatiasih","2024-09-26","https://i.imgur.com/sjxgg.jpg"
"Jatiasih","2024-04-11","https://i.imgur.com/tgxdf.jpg"
"Jatiasih","2024-11-13","https://i.imgur.com/dxecu.jpg"
"Jatiasih","2024-05-09","https://i.imgur.com/rdvkv.jpg"
"Jatiasih","2024-01-01","https://i.imgur.com/cufbb.jpg"
"Jatiasih","2024-10-25","https://i.imgur.com/dynxn.jpg"
"Jatiasih","2024-12-28","https://i.imgur.com/amlps.jpg"
"Jatiasih","2024-10-22","https://i.imgur.com/pypst.jpg"
"Jatiasih","2024-09-25","https://i.imgur.com/dfjoe.jpg"
"Jatiasih","2024-12-18","https://i.imgur.com/hfxod.jpg"
"Jatiasih","2024-09-16","https://i.imgur.com/udkui.jpg"
"Jatiasih","2024-12-11","https://i.imgur.com/rifda.jpg"
"Jatiasih","2024-01-09","https://i.imgur.com/yindg.jpg"
"Jatiasih","2024-10-01","https://i.imgur.com/gktpj.jpg"
"Jatiasih","2024-01-17","https://i.imgur.com/whxfr.jpg"
"Jatiasih","2024-12-19","https://i.imgur.com/gbxdv.jpg"
"Jatiasih","2024-02-06","https://i.imgur.com/pcvzq.jpg"
"Jatiasih","2024-08-24","https://i.imgur.com/lrrmh.jpg"
"Jatiasih","2024-04-07","https://i.imgur.com/phgqi.jpg"
"Jatiasih","2024-08-12","https://i.imgur.com/puxxc.jpg"
"Jatiasih","2024-09-03","https://i.imgur.com/amjie.jpg"
"Jatiasih","2024-12-02","https://i.imgur.com/bupwm.jpg"
"Jatiasih","2024-06-19","https://i.imgur.com/hklga.jpg"
"Jatiasih","2024-01-13","https://i.imgur.com/nnppr.jpg"
"Jatiasih","2024-01-25","https://i.imgur.com/tnbbi.jpg"
"Jatiasih","2024-11-20","https://i.imgur.com/owtzt.jpg"
"Jatiasih","2024-11-03","https://i.imgur.com/hwudc.jpg"
"Jatiasih","2024-09-03","https://i.imgur.com/zbcmg.jpg"
"Jatiasih","2024-07-02","https://i.imgur.com/znrxn.jpg"
"Jatiasih","2024-05-26","https://i.imgur.com/ctbyd.jpg"
"Jatiasih","2024-09-03","https://i.imgur.com/cvxvo.jpg"
"Jatiasih","2024-06-08","https://i.imgur.com/bwqem.jpg"
"Jatiasih","2024-02-03","https://i.imgur.com/ffakb.jpg"
"Jatiasih","2024-07-19","https://i.imgur.com/fxrxs.jpg"
"Jatiasih","2024-11-23","https://i.imgur.com/oyokf.jpg"
"Jatiasih","2024-12-23","https://i.imgur.com/efudn.jpg"
"Jatiasih","2024-01-17","https://i.imgur.com/iiysw.jpg"
"Jatiasih","2024-09-03","https://i.imgur.com/lbtum.jpg"
"Jatiasih","2024-12-04","https://i.imgur.com/jjksf.jpg"
"Jatiasih","2024-12-24","https://i.imgur.com/lpzfg.jpg"
"Jatiasih","2024-01-09","https://i.imgur.com/hodrh.jpg"
"Jatiasih","2024-10-08","https://i.imgur.com/ozswk.jpg"
"Jatiasih","2024-11-26","https://i.imgur.com/lirci.jpg"
"Jatiasih","2024-09-24","https://i.imgur.com/nczzi.jpg"
"Jatiasih","2024-07-06","https://i.imgur.com/lytpo.jpg"
"Jatiasih","2024-04-17","https://i.imgur.com/cvubp.jpg"
"Jatiasih","2024-04-16","https://i.imgur.com/qzmmf.jpg"
"Jatiasih","2024-03-09","https://i.imgur.com/edzea.jpg"
"Jatiasih","2024-09-01","https://i.imgur.com/wpyjv.jpg"
"Jatiasih","2024-03-08","https://i.imgur.com/ppvvn.jpg"
"Jatiasih","2024-10-03","https://i.imgur.com/ahflr.jpg"
"Jatiasih","2024-08-08","https://i.imgur.com/pmoar.jpg"
"Jatiasih","2024-04-12","https://i.imgur.com/sievf.jpg"
"Jatiasih","2024-04-12","https://i.imgur.com/kltkj.jpg"
"Jatiasih","2024-11-04","https://i.imgur.com/yylxt.jpg"
"Jatiasih","2024-04-11","https://i.imgur.com/gwplc.jpg"
"Jatiasih","2024-08-19","https://i.imgur.com/ypqqz.jpg"
"Jatiasih","2024-12-11","https://i.imgur.com/nmpcq.jpg"
"Jatiasih","2024-12-20","https://i.imgur.com/lzcjp.jpg"
"Jatiasih","2024-08-28","https://i.imgur.com/xnpqp.jpg"
"Jatiasih","2024-04-28","https://i.imgur.com/jehkm.jpg"
"Jatiasih","2024-10-13","https://i.imgur.com/hrsgq.jpg"
"Jatiasih","2024-08-19","https://i.imgur.com/xauig.jpg"
"Jatiasih","2024-09-13","https://i.imgur.com/dxjhk.jpg"
"Jatiasih","2024-04-06","https://i.imgur.com/pehvu.jpg"
"Jatiasih","2024-01-11","https://i.imgur.com/qkizd.jpg"
"Jatiasih","2024-02-17","https://i.imgur.com/dbgfz.jpg"
"Jatiasih","2024-12-17","https://i.imgur.com/sacan.jpg"
"Jatiasih","2024-04-08","https://i.imgur.com/pwwqi.jpg"
"Jatiasih","2024-05-20","https://i.imgur.com/qwjwu.jpg"
"Jatiasih","2024-10-01","https://i.imgur.com/beldn.jpg"
"Jatiasih","2024-08-02","https://i.imgur.com/nlzot.jpg"
"Jatiasih","2024-10-12","https://i.imgur.com/eaypb.jpg"
"Jatiasih","2024-12-11","https://i.imgur.com/kwmej.jpg"
"Jatiasih","2024-11-15","https://i.imgur.com/sbsus.jpg"
"Jatiasih","2024-09-23","https://i.imgur.com/yisgt.jpg"
"Jatiasih","2024-04-21","https://i.imgur.com/mumlq.jpg"
"Jatiasih","2024-01-15","https://i.imgur.com/rhrim.jpg"
"Jatiasih","2024-04-08","https://i.imgur.com/xtgyf.jpg"
"Jatiasih","2024-03-27","https://i.imgur.com/mozta.jpg"
"Jatiasih","2024-07-21","https://i.imgur.com/tfhnv.jpg"
"Jatiasih","2024-07-21","https://i.imgur.com/giysk.jpg"
"Jatiasih","2024-06-06","https://i.imgur.com/mvtim.jpg"
"Jatiasih","2024-03-13","https://i.imgur.com/jxbhe.jpg"
"Jatiasih","2024-09-20","https://i.imgur.com/mijlg.jpg"
"Jatiasih","2024-04-04","https://i.imgur.com/pwyak.jpg"
"Jatiasih","2024-05-02","https://i.imgur.com/ifuvp.jpg"
"Jatiasih","2024-11-04","https://i.imgur.com/vkrzl.jpg"
"Jatiasih","2024-01-27","https://i.imgur.com/gvixq.jpg"
"Jatiasih","2024-11-01","https://i.imgur.com/iblgd.jpg"
"Jatiasih","2024-01-04","https://i.imgur.com/wuyht.jpg"
"Jatiasih","2024-10-16","https://i.imgur.com/ndhwx.jpg"
"Jatiasih","2024-05-13","https://i.imgur.com/eriqj.jpg"
"Jatiasih","2024-07-22","https://i.imgur.com/sjkcm.jpg"
"Jatiasih","2024-04-18","https://i.imgur.com/kohas.jpg"
"Jatiasih","2024-11-08","https://i.imgur.com/muxry.jpg"
"Jatiasih","2024-06-22","https://i.imgur.com/yexch.jpg"
"Jatiasih","2024-09-15","https://i.imgur.com/ukygp.jpg"
"Jatiasih","2024-08-04","https://i.imgur.com/toffl.jpg"
"Jatiasih","2024-05-10","https://i.imgur.com/vrbow.jpg"
"Jatiasih","2024-12-27","https://i.imgur.com/rgamq.jpg"
"Jatiasih","2024-04-08","https://i.imgur.com/ulncq.jpg"
"Jatiasih","2024-08-26","https://i.imgur.com/ylgja.jpg"
"Jatiasih","2024-02-17","https://i.imgur.com/clhiq.jpg"
"Jatiasih","2024-11-13","https://i.imgur.com/eqgva.jpg"
"Jatiasih","2024-01-28","https://i.imgur.com/hvgvo.jpg"
"Jatiasih","2024-04-24","https://i.imgur.com/perpa.jpg"
"Jatiasih","2024-07-09","https://i.imgur.com/kgilb.jpg"
"Jatiasih","2024-06-20","https://i.imgur.com/hhnrd.jpg"
"Jatiasih","2024-08-09","https://i.imgur.com/quezx.jpg"
"Jatiasih","2024-11-24","https://i.imgur.com/mdbuv.jpg"
"Jatiasih","2024-06-09","https://i.imgur.com/somnb.jpg"
"Jatiasih","2024-08-02","https://i.imgur.com/aecvv.jpg"
"Jatiasih","2024-11-17","https://i.imgur.com/qzqdl.jpg"
"Jatiasih","2024-07-07","https://i.imgur.com/fusof.jpg"
"Jatiasih","2024-06-22","https://i.imgur.com/didyl.jpg"
"Jatiasih","2024-10-12","https://i.imgur.com/rhbrj.jpg"
"Jatiasih","2024-03-03","https://i.imgur.com/seian.jpg"
"Jatiasih","2024-10-09","https://i.imgur.com/ipbyg.jpg"
"Jatiasih","2024-06-16","https://i.imgur.com/zjpkf.jpg"
"Jatiasih","2024-09-17","https://i.imgur.com/jeirj.jpg"
"Jatiasih","2024-03-05","https://i.imgur.com/xzbhr.jpg"
"Jatiasih","2024-08-26","https://i.imgur.com/rgzhh.jpg"
"Jatiasih","2024-10-10","https://i.imgur.com/bztfr.jpg"
"Jatiasih","2024-12-02","https://i.imgur.com/poiqd.jpg"
"Jatiasih","2024-06-19","https://i.imgur.com/yxnxf.jpg"
"Jatiasih","2024-10-20","https://i.imgur.com/xuche.jpg"
"Jatiasih","2024-10-21","https://i.imgur.com/crkxw.jpg"
"Jatiasih","2024-08-15","https://i.imgur.com/qkngq.jpg"
"Jatiasih","2024-06-14","https://i.imgur.com/jvlcz.jpg"
"Jatiasih","2024-11-25","https://i.imgur.com/lrona.jpg"
"Jatiasih","2024-04-28","https://i.imgur.com/aevvz.jpg"
"Jatiasih","2024-09-04","https://i.imgur.com/jzrcw.jpg"
"Jatiasih","2024-11-24","https://i.imgur.com/ptfhn.jpg"
"Jatiasih","2024-10-07","https://i.imgur.com/wejrs.jpg"
"Jatiasih","2024-07-03","https://i.imgur.com/xaivm.jpg"
"Jatiasih","2024-12-09","https://i.imgur.com/npkkc.jpg"
"Jatiasih","2024-11-08","https://i.imgur.com/vbdbt.jpg"
"Jatiasih","2024-12-02","https://i.imgur.com/gdtaj.jpg"
"Jatiasih","2024-04-07","https://i.imgur.com/krcmc.jpg"
"Jatiasih","2024-07-10","https://i.imgur.com/nccss.jpg"
"Jatiasih","2024-02-20","https://i.imgur.com/eznuq.jpg"
"Jatiasih","2024-10-09","https://i.imgur.com/jgabb.jpg"
"Jatiasih","2024-02-18","https://i.imgur.com/twnlz.jpg"
"Jatiasih","2024-10-07","https://i.imgur.com/xgzvx.jpg"
"Jatiasih","2024-12-13","https://i.imgur.com/mwtdv.jpg"
"Jatiasih","2024-10-25","https://i.imgur.com/dovkf.jpg"
"Jatiasih","2024-08-09","https://i.imgur.com/tqjay.jpg"
"Jatiasih","2024-10-23","https://i.imgur.com/esfwc.jpg"
"Jatiasih","2024-04-19","https://i.imgur.com/dhlba.jpg"
"Jatiasih","2024-02-22","https://i.imgur.com/pkxod.jpg"
"Jatiasih","2024-11-08","https://i.imgur.com/pkbaj.jpg"
"Jatiasih","2024-02-06","https://i.imgur.com/libba.jpg"
"Jatiasih","2024-02-19","https://i.imgur.com/ugsnx.jpg"
"Jatiasih","2024-05-03","https://i.imgur.com/aesly.jpg"
"Jatiasih","2024-09-01","https://i.imgur.com/wazqt.jpg"
"Jatiasih","2024-09-20","https://i.imgur.com/ymwqj.jpg"
"Jatiasih","2024-03-12","https://i.imgur.com/ynmcz.jpg"
"Jatiasih","2024-02-25","https://i.imgur.com/bjgnv.jpg"
"Jatiasih","2024-05-07","https://i.imgur.com/jfrmc.jpg"
"Jatiasih","2024-09-02","https://i.imgur.com/xnjtp.jpg"
"Jatiasih","2024-12-13","https://i.imgur.com/mbrjb.jpg"
"Jatiasih","2024-05-17","https://i.imgur.com/qdefq.jpg"
"Jatiasih","2024-02-20","https://i.imgur.com/hnmij.jpg"
"Jatiasih","2024-04-18","https://i.imgur.com/sdvgp.jpg"
"Jatiasih","2024-07-21","https://i.imgur.com/kvtef.jpg"
"Jatiasih","2024-05-27","https://i.imgur.com/haonh.jpg"
"Jatiasih","2024-07-15","https://i.imgur.com/btxal.jpg"
"Jatiasih","2024-07-01","https://i.imgur.com/kumzj.jpg"
"Jatiasih","2024-11-16","https://i.imgur.com/xhiwa.jpg"
"Jatiasih","2024-02-28","https://i.imgur.com/owbuh.jpg"
"Jatiasih","2024-01-26","https://i.imgur.com/esaoa.jpg"
"Jatiasih","2024-07-09","https://i.imgur.com/nhbwl.jpg"
"Jatiasih","2024-11-12","https://i.imgur.com/vzxnj.jpg"
"Jatiasih","2024-03-23","https://i.imgur.com/kyokb.jpg"
"Jatiasih","2024-10-10","https://i.imgur.com/rcznc.jpg"
"Jatiasih","2024-04-07","https://i.imgur.com/vpnqf.jpg"
"Jatiasih","2024-09-19","https://i.imgur.com/wryln.jpg"
"Jatiasih","2024-10-02","https://i.imgur.com/mxknp.jpg"
"Jatiasih","2024-10-15","https://i.imgur.com/dwdea.jpg"
"Jatiasih","2024-02-14","https://i.imgur.com/tlkhc.jpg"
"Jatiasih","2024-02-13","https://i.imgur.com/iqeec.jpg"
"Jatiasih","2024-04-28","https://i.imgur.com/gldiw.jpg"
"Jatiasih","2024-03-22","https://i.imgur.com/gkumw.jpg"
"Jatiasih","2024-08-23","https://i.imgur.com/rhqdf.jpg"
"Jatiasih","2024-05-18","https://i.imgur.com/wvuaf.jpg"
"Jatiasih","2024-09-28","https://i.imgur.com/jqkzw.jpg"
"Jatiasih","2024-01-22","https://i.imgur.com/yrias.jpg"
"Jatiasih","2024-08-04","https://i.imgur.com/wurvc.jpg"
"Jatiasih","2024-05-06","https://i.imgur.com/tifmc.jpg"
"Jatiasih","2024-01-23","https://i.imgur.com/rjpkt.jpg"
"Jatiasih","2024-07-23","https://i.imgur.com/iaktu.jpg"
"Jatiasih","2024-12-18","https://i.imgur.com/azvmf.jpg"
"Jatiasih","2024-10-03","https://i.imgur.com/uqrmi.jpg"
"Jatiasih","2024-12-09","https://i.imgur.com/suzvu.jpg"
"Jatiasih","2024-02-10","https://i.imgur.com/wjjfd.jpg"
"Jatiasih","2024-07-05","https://i.imgur.com/cxyrw.jpg"
"Jatiasih","2024-06-12","https://i.imgur.com/ubrby.jpg"
"Jatiasih","2024-12-11","https://i.imgur.com/onpyp.jpg"
"Jatiasih","2024-02-19","https://i.imgur.com/ohoby.jpg"
"Jatiasih","2024-07-01","https://i.imgur.com/kqfqo.jpg"
"Jatiasih","2024-04-20","https://i.imgur.com/imfur.jpg"
"Jatiasih","2024-02-25","https://i.imgur.com/huxfq.jpg"
"Jatiasih","2024-01-04","https://i.imgur.com/tiyai.jpg"
"Jatiasih","2024-08-09","https://i.imgur.com/hwyyx.jpg"
"Jatiasih","2024-06-09","https://i.imgur.com/dqlij.jpg"
"Jatiasih","2024-05-17","https://i.imgur.com/qmpss.jpg"
"Jatiasih","2024-05-22","https://i.imgur.com/chitu.jpg"
"Jatiasih","2024-11-25","https://i.imgur.com/ieadd.jpg"
"Jatiasih","2024-02-12","https://i.imgur.com/zoxcq.jpg"
"Jatiasih","2024-06-13","https://i.imgur.com/qoynd.jpg"
"Jatiasih","2024-06-11","https://i.imgur.com/ylpiy.jpg"
"Jatiasih","2024-01-17","https://i.imgur.com/ptxnx.jpg"
"Jatiasih","2024-08-01","https://i.imgur.com/wnmfq.jpg"
"Jatiasih","2024-02-07","https://i.imgur.com/zgocx.jpg"
"Jatiasih","2024-03-20","https://i.imgur.com/rgjjh.jpg"
"Jatiasih","2024-05-11","https://i.imgur.com/yracj.jpg"
"Jatiasih","2024-05-28","https://i.imgur.com/rishj.jpg"
"Jatiasih","2024-12-02","https://i.imgur.com/uksmq.jpg"
"Jatiasih","2024-07-02","https://i.imgur.com/vsszz.jpg"
"Jatiasih","2024-11-09","https://i.imgur.com/rupse.jpg"
"Jatiasih","2024-01-13","https://i.imgur.com/dbhzd.jpg"
"Jatiasih","2024-03-11","https://i.imgur.com/ockqm.jpg"
"Jatiasih","2024-05-04","https://i.imgur.com/uihhx.jpg"
"Jatiasih","2024-07-14","https://i.imgur.com/zfipu.jpg"
"Jatiasih","2024-04-08","https://i.imgur.com/bfiok.jpg"
"Jatiasih","2024-10-21","https://i.imgur.com/zgqkx.jpg"
"Jatiasih","2024-04-05","https://i.imgur.com/htjex.jpg"
"Jatiasih","2024-06-14","https://i.imgur.com/tzonp.jpg"
"Jatiasih","2024-04-16","https://i.imgur.com/rmtxh.jpg"
"Jatiasih","2024-07-01","https://i.imgur.com/ragkh.jpg"
"Jatiasih","2024-01-23","https://i.imgur.com/pjvhb.jpg"
"Jatiasih","2024-05-03","https://i.imgur.com/efkzm.jpg"
"Jatiasih","2024-03-24","https://i.imgur.com/lugkj.jpg"
"Jatiasih","2024-09-27","https://i.imgur.com/whkpu.jpg"
"Jatiasih","2024-09-12","https://i.imgur.com/jcdmr.jpg"
"Jatiasih","2024-10-06","https://i.imgur.com/gfcda.jpg"
"Jatiasih","2024-07-28","https://i.imgur.com/frknr.jpg"
"Jatiasih","2024-08-22","https://i.imgur.com/ufkur.jpg"
"Jatiasih","2024-07-03","https://i.imgur.com/uidee.jpg"
"Jatiasih","2024-04-01","https://i.imgur.com/ghwln.jpg"
"Jatiasih","2024-12-27","https://i.imgur.com/uetth.jpg"
"Jatiasih","2024-01-19","https://i.imgur.com/uusfb.jpg"
"Jatiasih","2024-11-24","https://i.imgur.com/gpojh.jpg"
"Jatiasih","2024-10-04","https://i.imgur.com/bioye.jpg"
"Jatiasih","2024-09-11","https://i.imgur.com/gzfgc.jpg"
"Jatiasih","2024-11-09","https://i.imgur.com/kenoy.jpg"
"Jatiasih","2024-06-20","https://i.imgur.com/mkhpo.jpg"
"Jatiasih","2024-04-25","https://i.imgur.com/lizmo.jpg"
"Jatiasih","2024-07-09","https://i.imgur.com/pjtcf.jpg"
"Jatiasih","2024-11-02","https://i.imgur.com/hmrkt.jpg"
"Jatiasih","2024-04-23","https://i.imgur.com/qnysu.jpg"
"Jatiasih","2024-06-28","https://i.imgur.com/skrij.jpg"
"Jatiasih","2024-06-14","https://i.imgur.com/hwvpz.jpg"
"Jatiasih","2024-01-27","https://i.imgur.com/krkze.jpg"
"Jatiasih","2024-12-03","https://i.imgur.com/yblzt.jpg"
"Jatiasih","2024-04-11","https://i.imgur.com/mgghb.jpg"
"Jatiasih","2024-12-27","https://i.imgur.com/ioons.jpg"
"Jatiasih","2024-09-14","https://i.imgur.com/ijcsc.jpg"
"Jatiasih","2024-02-18","https://i.imgur.com/elpho.jpg"
"Jatiasih","2024-02-23","https://i.imgur.com/qljzf.jpg"
"Jatiasih","2024-05-14","https://i.imgur.com/tqxdb.jpg"
"Jatiasih","2024-10-13","https://i.imgur.com/zwfjm.jpg"
"Jatiasih","2024-04-16","https://i.imgur.com/wapsv.jpg"
"Jatiasih","2024-10-27","https://i.imgur.com/hcmzy.jpg"
"Jatiasih","2024-06-20","https://i.imgur.com/uwikk.jpg"
"Jatiasih","2024-09-19","https://i.imgur.com/vjrag.jpg"
"Jatiasih","2024-10-26","https://i.imgur.com/yroai.jpg"
"Jatiasih","2024-01-22","https://i.imgur.com/iwgdi.jpg"
"Jatiasih","2024-11-04","https://i.imgur.com/hizxn.jpg"
"Jatiasih","2024-09-08","https://i.imgur.com/fgozz.jpg"
"Jatiasih","2024-12-25","https://i.imgur.com/fvcve.jpg"
"Jatiasih","2024-12-27","https://i.imgur.com/fdtmk.jpg"
"Jatiasih","2024-04-14","https://i.imgur.com/dxelc.jpg"
"Jatiasih","2024-05-25","https://i.imgur.com/cidmg.jpg"
"Jatiasih","2024-08-18","https://i.imgur.com/vovkn.jpg"
"Jatiasih","2024-06-04","https://i.imgur.com/bhcza.jpg"
"Jatiasih","2024-03-05","https://i.imgur.com/bgcwi.jpg"
"Jatiasih","2024-05-24","https://i.imgur.com/gfzeq.jpg"
"Jatiasih","2024-01-23","https://i.imgur.com/jwfyf.jpg"
"Jatiasih","2024-08-28","https://i.imgur.com/jkgrw.jpg"
"Jatiasih","2024-08-01","https://i.imgur.com/tbmqq.jpg"
"Jatiasih","2024-02-03","https://i.imgur.com/yxjjg.jpg"
"Jatiasih","2024-11-27","https://i.imgur.com/quhqr.jpg"
"Jatiasih","2024-11-15","https://i.imgur.com/pafrt.jpg"
"Jatiasih","2024-05-13","https://i.imgur.com/fjssr.jpg"
"Jatiasih","2024-05-02","https://i.imgur.com/ypzwh.jpg"
"Jatiasih","2024-12-14","https://i.imgur.com/auzzs.jpg"
"Jatiasih","2024-03-05","https://i.imgur.com/nabdr.jpg"
"Jatiasih","2024-08-20","https://i.imgur.com/rsvkv.jpg"
"Jatiasih","2024-09-25","https://i.imgur.com/lhdzy.jpg"
"Jatiasih","2024-07-19","https://i.imgur.com/kwpyd.jpg"
"Jatiasih","2024-04-26","https://i.imgur.com/xbifx.jpg"
"Jatiasih","2024-05-22","https://i.imgur.com/mfufp.jpg"
"Jatiasih","2024-01-01","https://i.imgur.com/oomdb.jpg"
"Jatiasih","2024-06-24","https://i.imgur.com/rhduc.jpg"
"Jatiasih","2024-05-15","https://i.imgur.com/irhlp.jpg"
"Jatiasih","2024-03-09","https://i.imgur.com/cwrez.jpg"
"Jatiasih","2024-05-04","https://i.imgur.com/iitrj.jpg"
"Jatiasih","2024-08-28","https://i.imgur.com/tkcdj.jpg"
"Jatiasih","2024-11-08","https://i.imgur.com/npgws.jpg"
"Jatiasih","2024-11-12","https://i.imgur.com/ofoqm.jpg"
"Jatiasih","2024-10-26","https://i.imgur.com/cqbwv.jpg"
"Jatiasih","2024-10-08","https://i.imgur.com/lvomz.jpg"
"Jatiasih","2024-06-11","https://i.imgur.com/efypf.jpg"
"Jatiasih","2024-05-07","https://i.imgur.com/wexlc.jpg"
"Jatiasih","2024-11-09","https://i.imgur.com/esdrn.jpg"
"Jatiasih","2024-11-12","https://i.imgur.com/vsiko.jpg"
"Jatiasih","2024-03-14","https://i.imgur.com/ostya.jpg"
"Jatiasih","2024-06-10","https://i.imgur.com/xpgii.jpg"
"Jatiasih","2024-09-16","https://i.imgur.com/fntcp.jpg"
"Jatiasih","2024-04-17","https://i.imgur.com/iuuve.jpg"
"Jatiasih","2024-08-05","https://i.imgur.com/rudwf.jpg"
"Jatiasih","2024-12-04","https://i.imgur.com/pkdse.jpg"
"Jatiasih","2024-08-25","https://i.imgur.com/atjiw.jpg"
"Jatiasih","2024-03-10","https://i.imgur.com/ayfdp.jpg"
"Jatiasih","2024-07-21","https://i.imgur.com/hvmoh.jpg"
"Jatiasih","2024-04-11","https://i.imgur.com/ozujk.jpg"
"Jatiasih","2024-01-17","https://i.imgur.com/yfujz.jpg"
"Jatiasih","2024-11-12","https://i.imgur.com/dibcq.jpg"
"Jatiasih","2024-10-21","https://i.imgur.com/vjigv.jpg"
"Jatiasih","2024-01-15","https://i.imgur.com/ywcwy.jpg"
"Jatiasih","2024-08-11","https://i.imgur.com/kgpmu.jpg"
"Jatiasih","2024-06-20","https://i.imgur.com/iauvy.jpg"
"Jatiasih","2024-10-21","https://i.imgur.com/zhgdc.jpg"
"Jatiasih","2024-08-08","https://i.imgur.com/ceyun.jpg"
"Jatiasih","2024-01-06","https://i.imgur.com/flgiz.jpg"
"Jatiasih","2024-07-25","https://i.imgur.com/obmpz.jpg"
"Jatiasih","2024-11-03","https://i.imgur.com/mwwql.jpg"
"Jatiasih","2024-06-11","https://i.imgur.com/nsawi.jpg"
"Jatiasih","2024-07-27","https://i.imgur.com/umvhq.jpg"
"Jatiasih","2024-07-25","https://i.imgur.com/edqsp.jpg"
"Jatiasih","2024-03-22","https://i.imgur.com/adphc.jpg"
"Jatiasih","2024-01-23","https://i.imgur.com/ezwqw.jpg"
"Jatiasih","2024-02-25","https://i.imgur.com/xchbs.jpg"
"Jatiasih","2024-04-28","https://i.imgur.com/hrwns.jpg"
"Jatiasih","2024-09-06","https://i.imgur.com/qjfvt.jpg"
"Jatiasih","2024-09-04","https://i.imgur.com/elydt.jpg"
"Jatiasih","2024-11-22","https://i.imgur.com/qtmxd.jpg"
"Jatiasih","2024-04-25","https://i.imgur.com/welvg.jpg"
"Jatiasih","2024-12-22","https://i.imgur.com/hotsl.jpg"
"Jatiasih","2024-12-03","https://i.imgur.com/eupeo.jpg"
"Jatiasih","2024-05-18","https://i.imgur.com/kulyf.jpg"
"Jatiasih","2024-01-01","https://i.imgur.com/jstin.jpg"
"Jatiasih","2024-06-10","https://i.imgur.com/dnvxs.jpg"
"Jatiasih","2024-10-17","https://i.imgur.com/mntot.jpg"
"Jatiasih","2024-10-21","https://i.imgur.com/lkbfm.jpg"
"Jatiasih","2024-02-26","https://i.imgur.com/rvcqz.jpg"
"Jatiasih","2024-09-21","https://i.imgur.com/cnqsg.jpg"
"Jatiasih","2024-01-02","https://i.imgur.com/cgdwn.jpg"
"Jatiasih","2024-03-07","https://i.imgur.com/xnceh.jpg"
"Jatiasih","2024-04-23","https://i.imgur.com/nmysb.jpg"
"Jatiasih","2024-11-13","https://i.imgur.com/vljxj.jpg"
"Jatiasih","2024-04-19","https://i.imgur.com/epais.jpg"
"Jatiasih","2024-05-03","https://i.imgur.com/qvhms.jpg"
"Jatiasih","2024-04-11","https://i.imgur.com/qouvl.jpg"
"Jatiasih","2024-07-20","https://i.imgur.com/ckech.jpg"
"Jatiasih","2024-02-27","https://i.imgur.com/pqdff.jpg"
"Jatiasih","2024-06-01","https://i.imgur.com/xadfu.jpg"
"Jatiasih","2024-08-11","https://i.imgur.com/hmevq.jpg"
"Jatiasih","2024-07-08","https://i.imgur.com/reyjm.jpg"
"Jatiasih","2024-06-04","https://i.imgur.com/njsts.jpg"
"Jatiasih","2024-02-21","https://i.imgur.com/brtof.jpg"
"Jatiasih","2024-10-13","https://i.imgur.com/wxinl.jpg"
"Jatiasih","2024-11-12","https://i.imgur.com/mxgvr.jpg"
"Jatiasih","2024-08-25","https://i.imgur.com/sqtqk.jpg"
"Jatiasih","2024-06-10","https://i.imgur.com/nzwvc.jpg"
"Jatiasih","2024-07-15","https://i.imgur.com/cbovd.jpg"
"Jatiasih","2024-11-03","https://i.imgur.com/ggxit.jpg"
"Jatiasih","2024-08-20","https://i.imgur.com/ploam.jpg"
"Jatiasih","2024-08-14","https://i.imgur.com/pjkos.jpg"
"Jatiasih","2024-09-18","https://i.imgur.com/hatat.jpg"
"Jatiasih","2024-06-15","https://i.imgur.com/dyrfq.jpg"
"Jatiasih","2024-01-25","https://i.imgur.com/aicpo.jpg"
"Jatiasih","2024-08-22","https://i.imgur.com/unefg.jpg"
"Jatiasih","2024-09-26","https://i.imgur.com/qnyly.jpg"
"Jatiasih","2024-01-07","https://i.imgur.com/jfgrc.jpg"
"Jatiasih","2024-07-24","https://i.imgur.com/rdhjp.jpg"
"Jatiasih","2024-07-25","https://i.imgur.com/sffai.jpg"
"Jatiasih","2024-01-10","https://i.imgur.com/bifsi.jpg"
"Jatiasih","2024-06-04","https://i.imgur.com/jonsh.jpg"
"Jatiasih","2024-12-15","https://i.imgur.com/jzkbd.jpg"
"Jatiasih","2024-09-10","https://i.imgur.com/ccyfd.jpg"
"Jatiasih","2024-06-05","https://i.imgur.com/ppjcl.jpg"
"Jatiasih","2024-08-03","https://i.imgur.com/cgmhy.jpg"
"Jatiasih","2024-02-12","https://i.imgur.com/wywuk.jpg"
"Jatiasih","2024-08-19","https://i.imgur.com/ymryy.jpg"
"Jatiasih","2024-01-01","https://i.imgur.com/unwlv.jpg"
"Jatiasih","2024-09-05","https://i.imgur.com/vdvnw.jpg"
"Jatiasih","2024-05-25","https://i.imgur.com/grdbb.jpg"
"Jatiasih","2024-06-26","https://i.imgur.com/iqrlz.jpg"
"Jatiasih","2024-12-09","https://i.imgur.com/wrhxm.jpg"
"Jatiasih","2024-04-11","https://i.imgur.com/ehsjr.jpg"
"Jatiasih","2024-11-05","https://i.imgur.com/ztwjf.jpg"
"Jatiasih","2024-03-11","https://i.imgur.com/wltjt.jpg"
"Jatiasih","2024-07-17","https://i.imgur.com/kjtjr.jpg"
"Jatiasih","2024-04-14","https://i.imgur.com/jvqok.jpg"
"Jatiasih","2024-08-02","https://i.imgur.com/asjuv.jpg"
"Jatiasih","2024-08-19","https://i.imgur.com/osojk.jpg"
"Jatiasih","2024-09-24","https://i.imgur.com/qrrsy.jpg"
"Jatiasih","2024-09-03","https://i.imgur.com/swswq.jpg"
"Jatiasih","2024-08-26","https://i.imgur.com/ukflw.jpg"
"Jatiasih","2024-04-07","https://i.imgur.com/eyhpk.jpg"
"Jatiasih","2024-06-27","https://i.imgur.com/mcjij.jpg"
"Jatiasih","2024-03-05","https://i.imgur.com/gfuet.jpg"
"Jatiasih","2024-11-04","https://i.imgur.com/svbum.jpg"
"Jatiasih","2024-08-23","https://i.imgur.com/vitlm.jpg"
"Jatiasih","2024-12-03","https://i.imgur.com/ftegj.jpg"
"Jatiasih","2024-11-06","https://i.imgur.com/lqams.jpg"
"Jatiasih","2024-05-20","https://i.imgur.com/monyf.jpg"
"Jatiasih","2024-03-26","https://i.imgur.com/ricmj.jpg"
"Jatiasih","2024-12-19","https://i.imgur.com/ayqka.jpg"
"Jatiasih","2024-03-25","https://i.imgur.com/zqnse.jpg"
"Jatiasih","2024-05-14","https://i.imgur.com/kusjr.jpg"
"Jatiasih","2024-04-02","https://i.imgur.com/vlugx.jpg"
"Jatiasih","2024-04-09","https://i.imgur.com/rvjud.jpg"
"Jatiasih","2024-04-10","https://i.imgur.com/kqfix.jpg"
"Jatiasih","2024-03-21","https://i.imgur.com/rforl.jpg"
"Jatiasih","2024-06-05","https://i.imgur.com/jwiou.jpg"
"Jatiasih","2024-03-18","https://i.imgur.com/oldzh.jpg"
"Jatiasih","2024-07-05","https://i.imgur.com/rakge.jpg"
"Jatiasih","2024-10-19","https://i.imgur.com/khymh.jpg"
"Jatiasih","2024-05-02","https://i.imgur.com/gsbkj.jpg"
"Jatiasih","2024-08-10","https://i.imgur.com/vllic.jpg"
"Jatiasih","2024-06-04","https://i.imgur.com/ckpjd.jpg"
"Jatiasih","2024-10-28","https://i.imgur.com/ybtez.jpg"
"Jatiasih","2024-09-24","https://i.imgur.com/djddb.jpg"
"Jatiasih","2024-07-03","https://i.imgur.com/vkakr.jpg"
"Jatiasih","2024-07-19","https://i.imgur.com/fmrpc.jpg"
"Jatiasih","2024-06-12","https://i.imgur.com/tkflp.jpg"
"Jatiasih","2024-02-10","https://i.imgur.com/sotvd.jpg"
"Jatiasih","2024-09-17","https://i.imgur.com/faqif.jpg"
"Jatiasih","2024-02-20","https://i.imgur.com/pfled.jpg"
"Jatiasih","2024-01-01","https://i.imgur.com/pwkqm.jpg"
"Jatiasih","2024-04-02","https://i.imgur.com/gfgaz.jpg"
"Jatiasih","2024-01-26","https://i.imgur.com/perlv.jpg"
"Jatiasih","2024-01-27","https://i.imgur.com/osplf.jpg"
"Jatiasih","2024-04-09","https://i.imgur.com/skega.jpg"
"Jatiasih","2024-03-17","https://i.imgur.com/mrufv.jpg"
"Jatiasih","2024-07-20","https://i.imgur.com/ptujn.jpg"
"Jatiasih","2024-11-04","https://i.imgur.com/zcfaj.jpg"
"Jatiasih","2024-05-20","https://i.imgur.com/attku.jpg"
"Jatiasih","2024-02-08","https://i.imgur.com/vmopl.jpg"
"Jatiasih","2024-05-21","https://i.imgur.com/dwbcl.jpg"
"Jatiasih","2024-04-09","https://i.imgur.com/qnabs.jpg"
"Jatiasih","2024-08-13","https://i.imgur.com/zjjyn.jpg"
"Jatiasih","2024-10-13","https://i.imgur.com/uvczi.jpg"
"Jatiasih","2024-01-16","https://i.imgur.com/tjcum.jpg"
"Jatiasih","2024-05-27","https://i.imgur.com/hhzmp.jpg"
"Jatiasih","2024-08-11","https://i.imgur.com/sifut.jpg"
"Jatiasih","2024-08-13","https://i.imgur.com/mqfye.jpg"
"Jatiasih","2024-11-05","https://i.imgur.com/vzzio.jpg"
"Jatiasih","2024-01-13","https://i.imgur.com/kvuvr.jpg"
"Jatiasih","2024-09-10","https://i.imgur.com/lyjqv.jpg"
"Jatiasih","2024-06-26","https://i.imgur.com/jcuej.jpg"
"Jatiasih","2024-03-06","https://i.imgur.com/xycxf.jpg"
"Jatiasih","2024-10-13","https://i.imgur.com/ywlle.jpg"
"Jatiasih","2024-10-10","https://i.imgur.com/yvuoi.jpg"
"Jatiasih","2024-05-10","https://i.imgur.com/gvwtq.jpg"
"Jatiasih","2024-03-07","https://i.imgur.com/maulo.jpg"
"Jatiasih","2024-07-20","https://i.imgur.com/tttjx.jpg"
"Jatiasih","2024-10-14","https://i.imgur.com/bmsdz.jpg"
"Jatiasih","2024-11-19","https://i.imgur.com/lffeh.jpg"
"Jatiasih","2024-02-18","https://i.imgur.com/elrmb.jpg"
"Jatiasih","2024-10-10","https://i.imgur.com/wlrvr.jpg"
"Jatiasih","2024-03-13","https://i.imgur.com/mfdwu.jpg"
